gene_id	ERR3721875	ERR3721871	ERR3721868	ERR3721876	ERR3721870	ERR3721873	ERR3721867	ERR3721874	ERR3721869	ERR3721872
ENSG00000000005	0	0	0	0	0	0	0	0	0	0
ENSG00000000938	0	0	0	0	0	0	0	0	0	0
ENSG00000001626	80	22	44	148	109	59	14	26	19	53
ENSG00000002726	0	35	37	0	51	1	18	0	58	4
ENSG00000002933	52	69	78	20	121	15	62	0	62	45
ENSG00000003249	548	638	567	483	561	419	274	255	573	362
ENSG00000004809	0	0	0	0	0	0	0	0	0	0
ENSG00000004846	0	0	0	0	1	0	0	0	0	0
ENSG00000004939	0	0	0	0	0	0	0	0	0	0
ENSG00000005102	0	0	0	0	0	0	0	1	0	0
ENSG00000006059	0	0	0	0	0	0	0	0	0	0
ENSG00000006071	7	5	0	17	0	0	16	0	0	10
ENSG00000006116	0	0	0	0	0	0	0	0	0	0
ENSG00000006377	0	0	0	0	0	0	0	0	0	0
ENSG00000006555	0	0	0	0	0	0	0	0	0	0
ENSG00000006659	0	0	0	0	0	0	0	0	0	0
ENSG00000007129	0	0	0	0	0	0	0	0	0	0
ENSG00000007174	0	0	0	0	1	0	0	0	0	0
ENSG00000007216	45	0	3	43	14	65	16	0	8	11
ENSG00000007306	47	5	70	48	21	48	0	0	11	19
ENSG00000007312	0	0	1	0	0	0	0	0	0	0
ENSG00000007350	0	0	0	0	0	0	0	0	0	0
ENSG00000007952	60	16	69	65	52	63	0	9	8	69
ENSG00000008118	0	15	11	0	5	13	0	11	11	0
ENSG00000008197	0	0	0	0	0	0	0	0	0	0
ENSG00000008323	14	11	14	17	28	13	10	15	25	15
ENSG00000009790	0	0	0	0	0	0	0	0	0	0
ENSG00000010282	0	0	0	0	0	0	0	0	0	0
ENSG00000011201	0	0	0	0	0	0	0	0	0	0
ENSG00000013573	723	767	757	523	806	493	333	487	507	596
ENSG00000015592	0	0	0	0	0	0	0	0	0	0
ENSG00000016490	0	0	0	0	0	0	0	0	0	0
ENSG00000016602	0	0	0	0	0	0	0	0	0	0
ENSG00000018607	0	0	0	0	0	0	0	0	0	0
ENSG00000021852	0	0	0	0	0	0	0	0	0	0
ENSG00000022355	0	0	0	0	0	0	0	0	0	0
ENSG00000025039	41	47	79	90	119	80	1	0	71	83
ENSG00000025423	22	14	3	37	8	25	0	0	1	13
ENSG00000026751	0	43	23	0	43	0	1	0	34	3
ENSG00000027644	0	0	0	0	1	0	0	0	0	0
ENSG00000029364	420	688	807	559	900	632	273	331	691	750
ENSG00000029559	0	0	0	0	0	0	0	0	0	0
ENSG00000034239	0	0	0	0	0	0	0	0	1	0
ENSG00000034971	0	0	0	0	0	0	0	0	0	0
ENSG00000035720	0	0	1	0	0	0	0	0	0	0
ENSG00000036473	0	0	0	0	0	0	0	0	0	0
ENSG00000036565	0	0	0	0	0	0	0	0	0	0
ENSG00000036828	0	0	0	0	0	0	0	0	0	0
ENSG00000039537	14	0	1	15	16	12	0	0	10	22
ENSG00000039600	0	0	0	0	0	0	0	0	0	0
ENSG00000039987	0	0	0	0	0	0	0	0	1	0
ENSG00000042304	0	0	0	0	0	0	0	0	0	0
ENSG00000042445	1123	1344	1329	1102	1715	1003	691	426	1342	887
ENSG00000042813	0	0	0	0	0	0	0	0	0	0
ENSG00000043462	0	0	0	0	0	0	0	0	0	0
ENSG00000044012	13	35	29	1	129	23	9	12	116	4
ENSG00000044524	0	18	58	0	3	0	1	0	15	0
ENSG00000046774	0	0	0	0	0	0	0	0	0	0
ENSG00000048462	0	0	0	0	0	0	0	0	0	0
ENSG00000048545	0	0	0	0	0	0	0	0	0	0
ENSG00000049089	7	2	42	0	10	0	0	0	9	0
ENSG00000049247	0	0	0	0	0	0	0	0	0	0
ENSG00000050030	0	0	0	0	0	0	0	0	0	0
ENSG00000050327	0	58	63	32	127	10	75	5	71	31
ENSG00000050438	0	17	18	11	24	0	19	0	34	3
ENSG00000050628	0	0	0	0	0	0	0	0	0	0
ENSG00000050730	2	1	18	6	11	26	0	0	11	0
ENSG00000051180	0	0	1	0	0	0	0	0	0	0
ENSG00000053328	0	0	0	0	0	0	0	0	0	0
ENSG00000053702	0	18	7	44	34	28	28	0	13	17
ENSG00000054219	0	15	34	1	27	0	22	0	29	2
ENSG00000054796	0	0	0	0	0	0	0	0	0	0
ENSG00000054803	0	0	0	0	0	0	0	0	0	0
ENSG00000055957	0	0	0	0	0	0	0	0	0	1
ENSG00000056291	0	0	0	0	0	0	0	0	0	0
ENSG00000057149	6	5	82	16	3	2	0	7	0	12
ENSG00000060303	0	0	0	0	0	0	0	0	0	0
ENSG00000060709	0	0	0	0	0	0	0	0	0	0
ENSG00000061492	0	0	0	0	0	0	0	0	0	0
ENSG00000062038	0	53	142	22	23	1	15	19	29	18
ENSG00000062096	0	0	0	0	0	0	0	0	0	0
ENSG00000063515	0	0	0	0	0	0	0	0	0	0
ENSG00000064195	0	0	0	0	0	0	0	0	0	0
ENSG00000064218	0	0	0	0	0	0	0	0	0	0
ENSG00000064225	0	26	11	14	40	6	0	2	14	11
ENSG00000064787	405	1167	1142	408	1933	523	607	112	1452	391
ENSG00000065371	0	0	0	0	0	0	0	0	0	0
ENSG00000066032	9	0	0	10	0	9	0	15	0	10
ENSG00000066056	0	1	0	0	0	0	0	0	0	0
ENSG00000066136	252	304	349	400	398	176	104	134	283	257
ENSG00000066294	0	0	0	0	0	0	0	0	0	0
ENSG00000066382	0	0	0	0	0	0	0	0	0	0
ENSG00000066468	7	15	13	3	19	0	0	0	20	18
ENSG00000066735	36	12	6	34	6	21	0	0	14	15
ENSG00000066813	0	0	0	0	0	0	0	0	0	0
ENSG00000067057	2120	3652	3474	2759	3301	1686	1653	882	3414	1709
ENSG00000067560	3419	3968	4068	2565	4564	2381	2774	2222	4786	3544
ENSG00000067842	0	0	0	0	0	0	0	0	0	0
ENSG00000067955	126	145	486	115	283	114	97	137	183	166
ENSG00000068650	227	215	313	300	281	287	216	125	252	162
ENSG00000068781	0	0	0	0	0	0	0	0	0	0
ENSG00000068985	0	0	0	0	0	0	0	0	0	0
ENSG00000069206	0	0	0	0	0	0	0	0	0	0
ENSG00000069764	0	9	14	7	29	0	11	0	32	0
ENSG00000070190	0	13	35	0	31	0	9	0	17	7
ENSG00000070193	0	0	0	0	0	0	0	0	0	0
ENSG00000070748	0	0	0	0	0	0	0	0	0	0
ENSG00000070808	0	0	0	0	0	0	0	0	0	0
ENSG00000070886	0	0	0	0	0	0	0	0	0	1
ENSG00000070915	0	0	0	0	0	0	0	0	0	0
ENSG00000070985	0	0	0	0	0	0	0	0	0	0
ENSG00000071203	0	0	0	0	0	0	0	0	0	0
ENSG00000071909	0	0	0	0	0	0	0	0	0	0
ENSG00000072080	0	0	0	0	0	0	0	0	0	0
ENSG00000072694	0	0	0	0	0	0	0	0	0	0
ENSG00000073754	0	0	0	0	0	0	0	0	0	0
ENSG00000073861	0	0	0	0	0	0	0	0	0	0
ENSG00000074317	0	0	0	0	0	0	0	0	1	0
ENSG00000074771	0	0	0	0	0	0	0	0	0	0
ENSG00000074803	0	0	0	0	0	0	0	0	0	0
ENSG00000075035	0	0	0	0	0	0	0	0	0	0
ENSG00000075043	0	0	0	0	0	0	0	0	0	0
ENSG00000075388	0	0	0	0	0	0	0	0	0	0
ENSG00000075429	0	0	0	0	0	0	0	0	0	0
ENSG00000075673	0	0	0	0	0	0	0	0	0	0
ENSG00000075785	1092	1501	1805	1293	1510	1370	937	1314	1663	1353
ENSG00000076662	0	0	0	0	0	0	0	0	0	0
ENSG00000076716	0	27	35	2	23	0	3	0	22	0
ENSG00000076944	607	696	648	404	821	217	220	318	568	524
ENSG00000077009	0	0	0	0	0	0	0	0	0	0
ENSG00000077080	0	0	1	0	0	0	0	0	0	0
ENSG00000077274	0	0	0	0	1	0	0	0	0	0
ENSG00000077279	0	0	0	0	0	0	0	0	0	0
ENSG00000077420	209	3	12	164	3	209	0	93	15	131
ENSG00000077498	0	0	0	0	0	0	0	0	0	0
ENSG00000077800	0	0	0	0	1	0	0	0	0	0
ENSG00000077943	0	0	0	0	0	0	0	0	0	0
ENSG00000078295	0	0	0	0	0	0	0	0	1	0
ENSG00000078328	0	1	0	0	0	0	0	0	0	0
ENSG00000078579	0	0	1	0	0	0	0	0	0	0
ENSG00000078589	0	0	0	0	0	0	0	0	0	0
ENSG00000080007	0	0	0	0	0	0	0	0	0	0
ENSG00000080166	0	0	0	0	0	0	0	0	0	0
ENSG00000080293	23	0	3	12	0	24	0	1	0	3
ENSG00000080511	0	0	0	0	0	0	0	0	0	0
ENSG00000080561	55	38	31	3	61	57	1	0	70	34
ENSG00000081138	0	0	0	0	0	0	0	0	0	0
ENSG00000081237	0	0	0	0	0	0	0	0	0	0
ENSG00000081800	0	0	0	0	0	0	0	0	0	0
ENSG00000082175	0	0	0	0	0	0	0	0	0	0
ENSG00000082293	0	0	0	0	0	0	0	0	0	0
ENSG00000082497	0	1	3	4	0	0	0	0	2	0
ENSG00000082684	0	0	0	0	1	0	0	0	0	0
ENSG00000083622	0	0	0	0	0	0	0	0	0	0
ENSG00000083782	0	0	0	0	0	0	0	0	0	0
ENSG00000084110	23	20	44	41	22	29	30	0	1	27
ENSG00000084674	0	0	0	0	0	0	0	0	0	0
ENSG00000084734	66	1	19	45	33	58	1	39	5	52
ENSG00000085265	0	0	0	0	0	0	0	0	0	0
ENSG00000085563	29	5	10	18	5	0	0	0	9	1
ENSG00000086288	0	0	0	0	0	0	0	0	0	0
ENSG00000086506	0	3	13	14	0	13	0	0	0	13
ENSG00000086696	0	16	34	1	34	0	0	0	57	0
ENSG00000086967	0	0	0	0	0	0	0	0	0	0
ENSG00000087128	0	0	0	0	0	0	0	0	0	0
ENSG00000087303	75	16	33	81	39	72	25	0	22	49
ENSG00000088320	0	0	0	0	0	0	0	0	0	0
ENSG00000088538	0	8	11	3	8	49	0	0	18	7
ENSG00000088782	0	0	0	0	0	0	0	0	0	0
ENSG00000088882	0	0	0	0	0	0	0	0	0	0
ENSG00000088926	0	0	0	0	0	0	0	0	0	0
ENSG00000089012	0	0	0	0	0	0	0	0	0	0
ENSG00000089116	0	0	0	0	0	0	0	0	0	0
ENSG00000089356	0	108	63	8	91	12	9	0	37	4
ENSG00000089472	1	39	108	10	139	4	37	3	48	18
ENSG00000090104	0	0	0	0	0	0	1	0	0	0
ENSG00000090402	0	0	0	0	0	0	0	0	0	0
ENSG00000090447	247	170	203	231	180	171	87	190	200	193
ENSG00000090659	0	0	0	0	0	0	0	0	0	0
ENSG00000091129	109	139	250	167	174	183	114	359	149	240
ENSG00000091482	2	51	45	13	64	7	51	0	36	12
ENSG00000091664	0	0	0	0	0	0	0	0	0	0
ENSG00000091704	0	0	0	0	0	0	0	0	0	0
ENSG00000092009	0	0	0	0	0	0	0	0	0	0
ENSG00000092345	0	0	0	0	0	0	0	0	0	0
ENSG00000092377	0	0	0	0	0	0	0	0	0	0
ENSG00000094661	0	0	0	0	0	0	0	0	0	0
ENSG00000094796	0	0	0	0	0	0	0	0	0	0
ENSG00000095110	0	0	0	0	0	0	0	0	0	0
ENSG00000095464	16	14	8	13	15	0	10	5	2	14
ENSG00000095596	0	1	0	0	0	0	0	0	0	0
ENSG00000095777	0	0	0	0	0	0	0	0	0	0
ENSG00000095917	0	0	0	0	0	0	0	0	0	0
ENSG00000095970	0	0	0	0	0	0	0	0	0	0
ENSG00000095981	0	0	0	0	0	0	0	0	0	0
ENSG00000096264	0	0	0	0	0	0	0	0	0	0
ENSG00000096395	0	0	0	0	0	0	0	0	0	0
ENSG00000096996	0	0	0	0	0	0	0	0	0	0
ENSG00000099399	0	0	0	0	0	0	0	0	0	0
ENSG00000099715	0	0	0	0	0	0	0	0	0	0
ENSG00000099721	0	0	0	0	0	0	0	0	0	0
ENSG00000099795	759	914	1033	557	1038	543	415	437	975	1007
ENSG00000099869	0	0	0	0	0	0	0	0	0	0
ENSG00000099960	0	0	0	0	0	0	0	0	0	0
ENSG00000099977	0	0	0	0	0	0	1	0	0	0
ENSG00000099984	0	0	0	0	0	0	0	0	0	0
ENSG00000099985	0	0	0	0	0	0	0	0	0	0
ENSG00000100003	63	253	267	127	225	92	188	47	318	154
ENSG00000100024	0	0	0	0	0	0	0	0	0	0
ENSG00000100053	0	0	0	0	0	0	0	0	0	0
ENSG00000100095	0	0	0	0	0	0	0	0	0	0
ENSG00000100101	0	0	0	0	0	0	0	0	0	0
ENSG00000100121	0	0	0	1	0	0	0	0	0	0
ENSG00000100122	0	0	0	0	0	0	0	0	0	0
ENSG00000100249	0	0	0	0	0	0	0	0	0	0
ENSG00000100321	150	33	31	64	22	64	38	0	28	66
ENSG00000100336	0	0	0	0	0	0	0	0	0	0
ENSG00000100341	0	0	0	0	0	0	0	0	0	0
ENSG00000100368	0	0	0	0	0	0	0	0	0	0
ENSG00000100373	0	0	0	0	0	0	0	0	0	0
ENSG00000100427	0	0	0	0	0	0	0	0	0	0
ENSG00000100448	0	0	0	0	0	0	0	0	0	0
ENSG00000100450	0	0	0	0	0	0	0	0	0	0
ENSG00000100453	0	0	0	0	0	0	0	0	0	0
ENSG00000100532	27	66	102	61	90	54	71	0	93	91
ENSG00000100565	0	0	0	0	0	0	0	0	0	0
ENSG00000100626	7	4	5	5	3	6	8	0	1	5
ENSG00000100721	0	0	0	0	0	0	0	0	0	0
ENSG00000100726	783	768	930	484	1075	563	399	441	722	870
ENSG00000100842	0	0	0	0	0	0	1	0	0	0
ENSG00000100884	0	0	0	0	0	0	0	0	0	0
ENSG00000101017	72	5	17	31	13	0	0	20	8	19
ENSG00000101096	0	12	4	8	7	12	0	0	17	28
ENSG00000101098	0	0	0	0	0	0	0	0	1	0
ENSG00000101134	0	0	0	0	0	0	0	0	0	1
ENSG00000101144	0	11	21	6	8	0	0	0	20	0
ENSG00000101180	0	0	0	0	0	0	0	0	0	0
ENSG00000101188	0	0	1	0	0	0	0	0	0	0
ENSG00000101200	0	0	0	0	0	0	0	0	0	0
ENSG00000101282	0	0	0	0	0	0	0	0	0	0
ENSG00000101292	0	0	0	0	0	0	0	0	0	0
ENSG00000101327	0	0	0	0	0	0	0	0	0	0
ENSG00000101336	0	0	1	0	0	0	0	0	0	0
ENSG00000101342	45	49	45	78	69	78	48	0	71	38
ENSG00000101349	0	0	0	0	0	0	0	0	0	0
ENSG00000101425	0	0	0	0	0	0	0	0	0	0
ENSG00000101435	0	0	0	0	0	0	0	0	0	0
ENSG00000101446	0	0	0	0	0	0	0	0	0	0
ENSG00000101448	0	0	0	0	0	0	0	0	0	0
ENSG00000101542	0	2	1	0	0	0	0	0	0	0
ENSG00000101746	0	0	1	0	0	0	0	0	0	0
ENSG00000101812	0	0	0	0	0	0	0	0	0	0
ENSG00000101842	0	94	163	14	229	0	120	2	262	13
ENSG00000101890	0	0	0	0	1	0	0	0	0	0
ENSG00000101892	0	0	0	0	0	0	0	0	0	0
ENSG00000101898	0	0	0	0	0	0	0	0	0	0
ENSG00000101916	0	0	0	0	0	0	0	0	0	0
ENSG00000101938	0	0	1	0	0	0	0	0	0	0
ENSG00000101951	0	0	0	0	0	0	0	0	0	0
ENSG00000101958	0	0	0	0	0	0	0	0	0	0
ENSG00000101981	0	0	0	0	0	0	0	0	0	0
ENSG00000102021	0	0	0	0	0	0	0	0	0	0
ENSG00000102032	0	0	0	0	0	0	0	0	0	0
ENSG00000102053	3	7	7	0	1	13	0	9	1	8
ENSG00000102055	0	0	0	0	0	0	0	0	0	0
ENSG00000102076	0	0	0	0	0	0	0	0	0	0
ENSG00000102145	0	0	0	0	0	0	0	0	0	0
ENSG00000102195	0	0	0	0	0	0	0	0	1	0
ENSG00000102239	0	0	0	0	0	0	0	0	0	0
ENSG00000102243	0	0	0	0	0	0	0	0	0	0
ENSG00000102245	0	0	0	0	0	0	0	0	0	0
ENSG00000102290	0	0	0	0	0	0	0	0	0	0
ENSG00000102317	3530	2859	3897	3104	4817	3695	2175	3045	3585	4013
ENSG00000102445	0	0	0	0	0	0	0	0	0	0
ENSG00000102468	0	0	0	0	0	0	0	0	0	0
ENSG00000102539	0	0	0	0	0	0	0	0	0	0
ENSG00000102678	0	1	0	0	0	0	0	0	0	0
ENSG00000102760	155	105	88	84	115	65	29	1	114	102
ENSG00000102794	0	0	0	0	0	0	0	0	0	0
ENSG00000102891	0	0	0	0	0	0	0	0	0	0
ENSG00000102962	0	8	20	0	10	0	8	0	21	5
ENSG00000103200	0	0	0	0	0	0	0	0	0	0
ENSG00000103253	155	254	256	61	297	59	67	1	317	178
ENSG00000103310	0	0	0	0	0	0	0	0	0	0
ENSG00000103313	0	0	0	0	0	0	0	0	0	0
ENSG00000103355	0	0	0	0	0	0	0	0	0	0
ENSG00000103375	0	0	0	0	0	0	0	0	0	0
ENSG00000103426	0	0	0	0	0	0	0	0	0	0
ENSG00000103472	0	0	0	0	1	0	0	0	0	0
ENSG00000103522	0	0	0	0	0	0	0	0	0	0
ENSG00000103546	0	0	0	0	0	0	0	0	0	0
ENSG00000103942	35	58	67	53	55	73	27	34	31	43
ENSG00000104044	0	0	0	0	0	0	0	0	0	0
ENSG00000104055	0	0	0	0	0	0	0	0	0	0
ENSG00000104112	0	0	0	0	1	0	0	0	0	0
ENSG00000104313	0	0	0	0	0	0	0	0	0	0
ENSG00000104413	22	259	485	8	355	20	88	50	314	30
ENSG00000104435	0	0	0	0	0	0	0	0	0	0
ENSG00000104499	0	0	0	0	0	0	0	0	0	0
ENSG00000104755	0	0	0	0	0	0	0	0	0	0
ENSG00000104853	1811	1862	1970	1793	1726	1644	767	927	1715	1274
ENSG00000104879	0	0	0	0	0	0	0	0	0	0
ENSG00000104918	0	0	0	0	0	0	0	0	0	0
ENSG00000104921	0	0	0	0	0	0	0	0	0	0
ENSG00000104938	0	0	0	0	0	0	0	0	0	0
ENSG00000104941	0	0	0	0	0	0	0	0	0	0
ENSG00000104957	404	448	382	312	500	245	270	233	360	334
ENSG00000104970	0	0	0	0	0	0	0	0	0	0
ENSG00000104972	0	0	0	0	0	0	0	0	0	0
ENSG00000104974	0	0	0	0	0	0	0	0	0	0
ENSG00000105048	93	225	134	78	189	35	79	32	155	84
ENSG00000105141	0	0	0	0	0	0	0	0	0	0
ENSG00000105143	0	0	0	0	0	0	0	0	0	0
ENSG00000105198	0	0	0	0	0	0	0	0	0	0
ENSG00000105278	0	0	1	0	0	0	0	0	0	0
ENSG00000105352	0	0	0	0	0	0	0	0	0	0
ENSG00000105366	0	0	1	0	0	0	0	0	0	0
ENSG00000105369	3	40	38	17	103	0	19	23	75	6
ENSG00000105370	0	0	0	0	0	0	0	0	0	0
ENSG00000105371	0	0	0	0	0	0	0	0	0	0
ENSG00000105383	0	0	0	0	0	0	0	0	0	0
ENSG00000105392	0	0	1	0	0	0	0	0	0	0
ENSG00000105398	0	0	0	0	0	0	0	0	0	0
ENSG00000105428	0	0	0	0	0	0	0	0	0	0
ENSG00000105501	0	0	0	0	0	0	0	0	0	0
ENSG00000105507	0	0	0	0	0	0	0	0	0	0
ENSG00000105549	0	0	0	0	0	0	0	0	0	0
ENSG00000105550	0	0	0	0	0	0	0	0	0	0
ENSG00000105583	0	0	0	0	0	0	0	0	0	0
ENSG00000105609	0	0	0	0	0	0	5	0	0	0
ENSG00000105664	0	0	0	0	0	0	0	0	0	0
ENSG00000105694	0	0	0	0	0	0	0	0	0	0
ENSG00000105695	0	0	0	0	0	0	0	0	0	0
ENSG00000105697	0	0	0	0	0	0	0	0	0	0
ENSG00000105851	0	0	0	0	0	0	0	0	0	0
ENSG00000105954	0	0	0	0	0	0	0	0	0	0
ENSG00000105963	21	154	242	16	239	39	54	0	223	24
ENSG00000105989	0	0	0	0	0	0	0	0	0	0
ENSG00000106128	47	10	12	6	27	33	0	0	17	26
ENSG00000106236	0	0	0	0	0	0	0	0	0	0
ENSG00000106278	0	0	0	0	0	0	0	0	0	0
ENSG00000106304	0	0	0	0	0	0	0	0	0	0
ENSG00000106331	0	0	0	0	0	0	0	0	0	0
ENSG00000106341	0	0	0	0	0	0	0	0	0	0
ENSG00000106384	3	27	16	14	30	16	0	0	22	16
ENSG00000106410	0	0	0	0	0	0	0	0	0	0
ENSG00000106436	0	0	0	0	0	0	0	0	0	0
ENSG00000106511	0	0	0	0	0	0	0	0	0	0
ENSG00000106536	0	0	0	0	0	0	0	0	0	0
ENSG00000106540	0	0	0	0	0	0	0	0	0	0
ENSG00000106631	0	0	0	0	0	0	0	0	0	0
ENSG00000106648	0	0	0	0	0	0	0	0	0	0
ENSG00000107099	67	13	24	79	16	138	1	69	5	88
ENSG00000107447	0	0	0	0	0	0	0	0	0	0
ENSG00000107731	0	17	37	14	37	8	19	0	40	14
ENSG00000107831	0	0	0	0	0	0	0	0	0	0
ENSG00000108018	0	0	0	0	0	0	0	0	0	0
ENSG00000108231	0	0	0	0	0	0	0	0	0	1
ENSG00000108255	0	0	0	0	0	0	0	0	0	0
ENSG00000108342	21	10	191	0	60	0	6	0	128	40
ENSG00000108381	0	0	0	0	0	0	0	1	0	0
ENSG00000108387	0	5	11	13	10	21	0	0	2	27
ENSG00000108417	0	0	0	0	0	0	0	0	0	0
ENSG00000108442	0	0	0	0	0	0	0	0	0	0
ENSG00000108516	0	0	0	0	0	0	0	0	0	0
ENSG00000108582	567	532	964	647	969	1075	315	535	582	903
ENSG00000108684	0	0	0	0	0	0	0	0	0	0
ENSG00000108688	0	0	0	0	0	0	0	1	0	0
ENSG00000108700	0	0	0	0	0	0	0	0	0	0
ENSG00000108702	0	0	0	0	0	0	0	0	0	0
ENSG00000108771	14	19	32	27	27	0	0	21	26	12
ENSG00000108798	0	0	0	0	0	0	0	0	0	0
ENSG00000108825	0	0	0	0	0	0	0	0	0	0
ENSG00000108849	0	0	0	0	0	0	0	0	0	0
ENSG00000108878	0	0	0	0	0	0	0	0	0	0
ENSG00000109047	0	0	0	0	0	0	0	0	0	0
ENSG00000109132	0	0	0	0	0	0	0	0	0	0
ENSG00000109158	0	0	0	0	0	0	0	0	0	0
ENSG00000109182	0	0	0	0	0	0	0	0	0	0
ENSG00000109193	10	0	6	17	0	0	16	27	0	4
ENSG00000109205	0	0	0	0	0	0	0	0	1	0
ENSG00000109208	0	0	0	0	0	0	0	0	0	0
ENSG00000109272	0	0	0	0	0	0	0	0	0	0
ENSG00000109424	0	0	0	0	0	0	0	0	0	0
ENSG00000109471	0	0	0	0	0	0	0	0	0	0
ENSG00000109625	0	0	0	0	0	0	0	0	0	0
ENSG00000109684	0	0	0	0	0	0	0	0	0	0
ENSG00000109851	0	0	0	0	0	0	0	0	0	0
ENSG00000109943	0	0	0	0	0	0	0	0	0	0
ENSG00000110076	0	0	0	0	0	0	0	0	0	0
ENSG00000110077	0	0	0	0	0	0	0	0	0	0
ENSG00000110079	0	0	0	0	0	0	0	0	0	0
ENSG00000110148	0	0	0	0	0	0	0	0	0	0
ENSG00000110243	0	0	0	0	0	0	0	0	0	0
ENSG00000110436	16	5	6	21	3	19	0	0	0	14
ENSG00000110448	0	0	0	0	1	0	0	0	0	0
ENSG00000110484	0	0	0	0	0	0	0	0	0	0
ENSG00000110665	0	0	0	0	0	0	0	0	0	0
ENSG00000110675	0	0	0	0	0	0	0	0	0	0
ENSG00000110680	0	0	0	0	0	0	0	0	0	0
ENSG00000110723	31	66	75	35	70	31	25	0	72	24
ENSG00000110786	0	0	0	0	0	0	0	0	0	0
ENSG00000110799	0	0	1	0	0	0	0	0	0	0
ENSG00000110848	0	0	0	0	0	0	0	0	0	0
ENSG00000110852	18	11	66	23	51	1	8	0	20	29
ENSG00000110887	0	0	0	0	0	0	0	0	0	0
ENSG00000111046	0	0	0	0	0	0	0	0	0	0
ENSG00000111049	0	0	0	0	0	0	0	0	0	0
ENSG00000111087	133	9	11	132	2	15	0	73	3	37
ENSG00000111218	0	0	0	0	0	0	0	0	0	0
ENSG00000111241	0	0	0	0	0	0	0	0	0	0
ENSG00000111262	0	0	0	0	0	0	0	0	0	0
ENSG00000111305	0	0	0	0	0	0	0	0	0	0
ENSG00000111341	0	0	0	0	0	0	0	0	0	0
ENSG00000111344	96	38	56	94	47	51	42	0	67	66
ENSG00000111348	13	107	115	14	165	1	103	22	111	18
ENSG00000111404	0	0	0	0	0	0	0	0	0	0
ENSG00000111452	30	18	3	20	11	24	0	0	1	4
ENSG00000111490	23	32	99	23	85	69	58	0	56	44
ENSG00000111536	0	0	0	0	0	0	0	0	0	0
ENSG00000111537	0	0	0	0	0	0	0	0	0	0
ENSG00000111684	51	36	46	35	38	74	27	0	38	17
ENSG00000111701	10	112	101	0	127	1	32	0	118	8
ENSG00000111713	0	0	0	0	0	0	0	0	0	0
ENSG00000111729	0	0	0	0	0	0	0	0	0	0
ENSG00000111780	0	0	0	0	0	0	0	0	0	0
ENSG00000111796	0	0	0	0	0	0	0	0	0	0
ENSG00000111913	0	0	0	0	0	0	0	0	0	0
ENSG00000112038	0	0	0	0	0	0	0	0	0	0
ENSG00000112115	0	0	0	0	0	0	0	0	0	0
ENSG00000112116	0	0	0	0	0	0	0	0	0	0
ENSG00000112164	0	0	0	0	0	0	0	0	0	0
ENSG00000112175	0	1	0	0	0	0	0	0	0	0
ENSG00000112195	0	0	0	0	0	0	0	0	0	0
ENSG00000112214	0	0	0	0	0	0	0	0	0	0
ENSG00000112246	0	0	0	0	0	0	0	0	0	0
ENSG00000112280	0	0	0	0	0	0	0	0	0	0
ENSG00000112337	0	0	0	0	0	0	0	0	0	0
ENSG00000112462	0	0	0	0	0	0	0	0	0	0
ENSG00000112486	0	0	1	0	0	0	0	0	0	0
ENSG00000112499	0	0	0	0	0	0	0	0	0	0
ENSG00000112539	0	0	1	0	0	0	0	0	0	0
ENSG00000112562	0	0	0	0	0	0	0	0	0	0
ENSG00000112799	0	0	0	0	0	0	0	0	0	0
ENSG00000112818	0	0	0	0	0	0	0	0	0	0
ENSG00000112981	0	0	0	1	0	0	0	0	0	0
ENSG00000113088	0	0	0	0	0	0	0	0	0	0
ENSG00000113100	0	0	0	0	0	0	0	0	0	0
ENSG00000113196	0	0	0	0	0	0	0	0	0	0
ENSG00000113248	0	22	24	10	34	4	23	0	19	24
ENSG00000113262	0	0	0	0	0	0	0	0	0	0
ENSG00000113302	0	0	1	0	0	0	0	0	0	0
ENSG00000113327	0	0	0	0	0	0	0	0	0	0
ENSG00000113430	0	0	0	0	0	0	0	0	0	0
ENSG00000113492	0	0	0	0	0	0	0	0	0	0
ENSG00000113494	0	0	0	0	0	0	0	1	0	0
ENSG00000113525	0	0	0	0	0	0	0	0	0	0
ENSG00000113722	0	0	0	0	0	0	0	0	0	0
ENSG00000113749	49	31	26	25	13	0	0	0	19	18
ENSG00000114204	0	0	0	0	0	0	0	0	0	0
ENSG00000114248	0	21	20	0	14	9	9	0	27	4
ENSG00000114349	0	0	0	0	0	0	0	0	0	0
ENSG00000114487	0	0	0	0	0	0	0	0	0	0
ENSG00000114646	0	19	27	2	8	0	1	0	12	2
ENSG00000114786	0	0	0	0	0	0	0	0	0	0
ENSG00000114812	0	1	12	0	29	7	4	0	9	0
ENSG00000115138	0	0	0	0	0	0	0	0	0	0
ENSG00000115165	32	4	2	21	5	35	0	12	0	22
ENSG00000115252	32	11	29	72	33	60	0	6	5	51
ENSG00000115263	0	0	0	0	0	0	0	0	0	0
ENSG00000115474	0	0	0	0	0	0	0	0	0	0
ENSG00000115488	0	0	0	0	0	0	0	0	0	0
ENSG00000115592	0	0	0	0	0	0	0	0	0	0
ENSG00000115598	0	0	0	0	0	0	0	0	0	0
ENSG00000115665	0	0	0	0	0	0	0	0	0	0
ENSG00000115919	2052	1544	3304	1773	2087	2337	945	1343	2265	2763
ENSG00000115934	0	0	0	0	0	0	0	0	0	0
ENSG00000115956	0	0	0	0	0	0	0	0	0	0
ENSG00000116014	40	0	2	8	6	0	0	0	1	11
ENSG00000116031	0	0	0	0	0	0	0	0	0	0
ENSG00000116096	579	520	741	679	713	578	239	429	614	718
ENSG00000116147	0	0	0	0	0	0	0	0	0	0
ENSG00000116183	0	0	0	0	0	0	1	0	0	0
ENSG00000116218	0	0	0	0	0	0	0	0	0	0
ENSG00000116721	0	0	0	0	0	0	0	0	0	0
ENSG00000116726	0	0	0	0	0	0	0	0	0	0
ENSG00000116745	0	0	0	0	0	0	0	0	0	0
ENSG00000116748	0	0	0	0	0	0	0	0	0	0
ENSG00000116824	0	0	0	0	0	0	0	0	0	0
ENSG00000116981	0	0	0	0	0	0	0	0	0	0
ENSG00000116983	0	0	0	0	1	0	0	0	0	0
ENSG00000116996	0	0	0	0	0	0	0	0	0	0
ENSG00000117090	0	0	0	0	0	0	0	0	0	0
ENSG00000117091	0	0	0	0	0	0	0	0	0	0
ENSG00000117154	0	0	0	0	0	0	0	0	0	0
ENSG00000117215	0	0	0	0	0	0	0	0	0	0
ENSG00000117322	0	0	0	0	0	0	0	0	0	0
ENSG00000117477	0	9	14	16	30	1	0	0	11	3
ENSG00000117501	0	0	0	0	0	0	0	0	0	0
ENSG00000117507	0	0	0	0	0	0	0	0	0	0
ENSG00000117598	0	0	0	0	0	0	0	0	0	0
ENSG00000117707	0	12	55	0	32	6	13	0	20	2
ENSG00000117877	29	57	83	51	48	66	22	25	58	46
ENSG00000117899	710	785	1017	769	808	731	392	301	637	799
ENSG00000118113	0	0	0	0	0	0	0	0	0	0
ENSG00000118156	0	0	0	0	0	1	0	0	0	0
ENSG00000118231	0	0	0	0	0	0	0	0	0	0
ENSG00000118242	113	52	74	74	72	12	25	0	78	77
ENSG00000118245	0	0	0	0	0	0	0	0	0	0
ENSG00000118271	56	21	17	78	44	27	0	0	12	37
ENSG00000118322	0	59	64	0	161	0	32	0	104	2
ENSG00000118434	0	0	0	0	0	0	0	0	0	0
ENSG00000118491	0	0	0	0	0	0	0	0	0	0
ENSG00000118492	0	0	0	0	0	0	0	0	0	0
ENSG00000118702	0	0	0	0	0	0	0	0	0	0
ENSG00000118729	0	0	0	0	0	0	0	0	0	0
ENSG00000118733	0	0	0	0	0	0	0	0	0	0
ENSG00000118903	0	0	0	0	0	0	0	0	0	0
ENSG00000118946	0	5	21	0	35	0	0	0	2	0
ENSG00000118972	0	0	0	0	0	0	0	0	0	0
ENSG00000118990	0	0	0	0	0	0	0	0	0	0
ENSG00000119147	0	0	0	0	0	0	0	0	0	0
ENSG00000119411	21	123	135	2	81	2	41	11	115	18
ENSG00000119440	0	0	0	0	0	0	0	0	0	0
ENSG00000119457	0	0	0	0	0	0	0	0	0	0
ENSG00000119614	0	0	0	0	0	0	0	0	0	0
ENSG00000119660	0	0	1	0	0	0	0	0	0	0
ENSG00000119919	0	0	0	0	0	0	0	0	0	0
ENSG00000119922	41	9	60	25	61	38	1	1	46	49
ENSG00000119973	0	0	0	0	0	0	0	0	0	0
ENSG00000120055	0	9	25	0	10	0	0	0	23	0
ENSG00000120088	0	0	0	0	0	0	0	0	0	0
ENSG00000120094	0	0	0	0	0	0	0	0	0	0
ENSG00000120235	0	0	0	0	0	0	0	0	0	0
ENSG00000120251	0	0	0	0	0	0	0	0	0	0
ENSG00000120280	0	0	0	0	0	0	0	0	0	0
ENSG00000120289	0	0	0	0	0	0	0	0	0	0
ENSG00000120337	0	0	0	0	0	0	0	0	0	0
ENSG00000120436	0	0	0	0	0	0	0	0	0	0
ENSG00000120457	0	0	1	0	0	0	0	0	0	0
ENSG00000120563	0	0	0	0	0	0	0	0	0	0
ENSG00000120645	0	0	0	0	0	0	0	0	0	0
ENSG00000120669	0	0	0	0	0	0	0	0	0	0
ENSG00000120907	0	0	0	0	1	0	0	0	0	0
ENSG00000120937	0	0	0	0	0	0	0	0	0	0
ENSG00000120949	0	0	0	0	0	0	0	0	0	0
ENSG00000120952	0	0	0	0	0	0	0	0	0	0
ENSG00000121314	0	0	0	0	0	0	0	0	0	0
ENSG00000121335	0	0	0	0	0	0	0	0	0	0
ENSG00000121381	0	0	0	0	0	0	0	0	0	0
ENSG00000121388	0	0	0	0	0	0	0	0	0	0
ENSG00000121446	0	0	0	0	0	0	0	0	0	0
ENSG00000121634	0	0	0	0	0	0	0	0	0	0
ENSG00000121807	0	0	0	0	0	0	0	0	0	0
ENSG00000121853	0	0	0	0	0	0	0	0	1	0
ENSG00000121871	0	0	0	0	0	0	0	0	0	0
ENSG00000121898	0	0	0	0	0	0	0	0	0	0
ENSG00000121904	0	0	0	0	0	0	0	0	0	0
ENSG00000121933	0	0	0	0	0	0	0	0	0	0
ENSG00000121966	22	6	8	0	12	4	0	0	26	10
ENSG00000122012	0	0	0	0	0	0	0	0	0	0
ENSG00000122025	0	0	0	0	0	0	0	0	0	0
ENSG00000122043	0	0	0	0	0	0	0	0	0	0
ENSG00000122121	0	0	0	0	0	0	0	0	0	0
ENSG00000122122	0	0	0	0	0	0	0	0	0	0
ENSG00000122136	0	0	0	0	0	0	0	0	0	0
ENSG00000122145	0	0	0	0	0	0	0	0	0	0
ENSG00000122176	43	22	14	28	27	7	4	0	12	16
ENSG00000122180	0	0	0	0	0	0	0	0	0	0
ENSG00000122194	0	0	0	1	0	0	0	0	0	0
ENSG00000122223	0	0	0	0	0	0	0	0	0	0
ENSG00000122254	0	0	0	0	0	0	0	0	0	0
ENSG00000122304	0	0	0	0	0	0	0	0	0	0
ENSG00000122375	0	0	0	0	0	0	0	0	0	0
ENSG00000122386	226	312	347	174	258	187	53	148	269	232
ENSG00000122548	0	0	0	0	0	0	0	0	0	0
ENSG00000122584	0	0	0	0	0	0	0	0	0	0
ENSG00000122585	0	0	0	0	0	0	0	0	0	0
ENSG00000122679	0	0	0	0	0	0	0	0	0	0
ENSG00000122728	0	0	0	0	0	0	0	0	1	0
ENSG00000122756	0	0	0	0	0	0	0	0	0	0
ENSG00000122787	0	0	0	0	0	0	0	0	0	0
ENSG00000122852	0	0	0	0	0	0	0	0	0	0
ENSG00000122859	0	0	0	0	0	0	0	0	0	0
ENSG00000122872	0	0	1	0	0	0	0	0	0	0
ENSG00000122986	0	19	17	0	13	1	0	13	6	8
ENSG00000123165	0	0	0	0	0	0	0	0	0	0
ENSG00000123171	0	0	0	0	0	0	0	0	0	0
ENSG00000123307	0	0	0	0	0	0	0	0	0	0
ENSG00000123407	0	0	0	0	0	0	0	0	0	0
ENSG00000123447	0	0	0	0	0	0	0	0	0	0
ENSG00000123453	0	0	0	0	0	0	0	0	0	0
ENSG00000123454	0	0	0	0	0	0	0	0	0	0
ENSG00000123560	0	0	0	0	0	0	0	0	0	0
ENSG00000123561	0	0	0	0	0	0	0	0	0	0
ENSG00000123569	0	0	0	0	0	0	0	0	0	0
ENSG00000123584	0	0	0	0	0	0	0	0	0	0
ENSG00000123594	0	0	0	0	0	0	0	0	0	0
ENSG00000123870	0	0	0	0	0	0	0	0	0	0
ENSG00000124003	0	0	0	0	1	0	0	0	0	0
ENSG00000124019	0	0	0	0	0	0	0	0	0	0
ENSG00000124089	0	0	0	0	0	0	0	0	0	0
ENSG00000124092	0	0	0	0	0	0	0	0	0	0
ENSG00000124134	0	0	0	0	0	0	0	0	0	0
ENSG00000124143	0	0	0	0	0	0	0	0	0	0
ENSG00000124157	0	0	0	0	0	0	0	0	0	0
ENSG00000124196	0	0	0	0	0	0	0	0	0	0
ENSG00000124203	0	0	0	0	0	0	0	0	0	0
ENSG00000124208	0	0	0	0	0	0	0	0	0	0
ENSG00000124227	0	0	0	0	0	0	0	0	0	0
ENSG00000124232	0	0	0	0	0	0	0	0	0	0
ENSG00000124233	0	0	0	0	0	0	0	0	0	0
ENSG00000124237	0	0	0	0	0	0	0	0	0	0
ENSG00000124243	96	83	54	71	76	43	57	0	57	80
ENSG00000124302	0	0	0	0	0	0	0	0	0	0
ENSG00000124334	0	1	0	0	0	0	0	0	0	0
ENSG00000124343	0	1	0	0	0	0	0	0	0	0
ENSG00000124440	0	0	0	0	1	0	0	0	0	0
ENSG00000124467	0	0	0	0	0	0	0	0	0	0
ENSG00000124479	0	0	0	0	0	0	0	0	0	0
ENSG00000124493	0	0	0	0	0	0	0	0	0	0
ENSG00000124610	0	0	0	0	0	0	0	0	0	0
ENSG00000124635	0	19	16	14	14	35	0	0	11	27
ENSG00000124678	0	0	0	0	0	0	0	0	0	0
ENSG00000124721	0	0	0	0	0	0	0	0	0	0
ENSG00000124766	1011	970	1410	1187	1241	1058	474	1512	773	1468
ENSG00000124780	0	0	0	0	0	0	0	0	0	0
ENSG00000124785	0	15	6	0	21	4	0	0	2	16
ENSG00000124812	0	0	0	0	0	0	0	0	0	0
ENSG00000124818	0	0	0	0	1	0	0	0	0	0
ENSG00000124827	0	0	0	0	0	0	0	0	0	0
ENSG00000124835	0	0	0	0	0	0	0	0	0	0
ENSG00000124900	0	0	0	0	0	0	0	0	0	0
ENSG00000124915	0	12	8	14	23	7	0	0	11	16
ENSG00000124935	0	0	0	0	0	0	0	0	1	0
ENSG00000125144	0	0	0	0	0	0	0	0	0	0
ENSG00000125255	0	0	0	0	0	0	0	0	0	0
ENSG00000125363	0	0	0	0	0	0	0	0	0	0
ENSG00000125385	0	0	0	0	0	0	0	0	0	0
ENSG00000125492	0	0	0	0	0	0	0	0	0	0
ENSG00000125498	0	0	0	0	0	0	0	0	0	0
ENSG00000125510	1	10	13	29	13	0	0	51	3	18
ENSG00000125514	0	0	0	0	0	0	0	0	0	0
ENSG00000125522	0	0	0	0	0	0	0	0	0	0
ENSG00000125533	0	0	0	0	0	0	0	0	0	0
ENSG00000125551	0	0	0	0	0	0	0	0	0	0
ENSG00000125695	0	0	0	0	0	0	0	0	0	0
ENSG00000125788	0	0	0	0	0	0	0	0	0	0
ENSG00000125804	0	0	0	0	0	1	0	0	0	0
ENSG00000125810	0	0	0	0	0	0	0	0	0	0
ENSG00000125813	0	0	0	0	0	0	0	0	0	0
ENSG00000125816	0	0	0	0	0	0	0	0	0	0
ENSG00000125820	0	0	0	0	0	0	0	0	0	0
ENSG00000125823	0	0	0	0	0	0	0	0	0	0
ENSG00000125831	0	0	0	0	0	0	0	0	0	0
ENSG00000125850	0	82	72	5	55	0	24	0	65	5
ENSG00000125851	0	0	0	0	0	0	0	0	0	0
ENSG00000125861	0	0	0	0	0	0	0	0	0	0
ENSG00000125878	0	0	0	0	0	0	0	0	0	0
ENSG00000125879	0	0	0	0	0	0	0	0	0	0
ENSG00000125888	0	0	0	0	0	0	0	0	0	0
ENSG00000125899	0	0	0	0	0	0	0	0	0	0
ENSG00000125903	0	0	0	0	0	0	0	0	0	0
ENSG00000125931	0	0	0	0	1	0	0	0	0	0
ENSG00000125954	0	0	0	0	0	0	0	0	0	0
ENSG00000125965	0	0	0	0	0	0	1	0	0	0
ENSG00000125975	0	0	0	0	0	0	0	0	0	0
ENSG00000125998	0	0	0	0	0	0	0	0	0	0
ENSG00000125999	24	17	63	26	206	26	44	0	39	52
ENSG00000126091	0	10	11	58	18	0	22	24	4	17
ENSG00000126233	0	0	0	0	0	0	0	0	0	0
ENSG00000126251	0	0	0	0	0	0	0	0	0	0
ENSG00000126266	0	0	0	0	0	0	0	0	0	0
ENSG00000126337	0	0	0	0	0	0	0	0	0	0
ENSG00000126460	40	94	113	23	108	40	51	0	129	17
ENSG00000126467	0	0	0	0	0	0	0	0	0	0
ENSG00000126545	0	0	0	0	0	0	0	0	0	0
ENSG00000126549	0	1	0	0	0	0	0	0	0	0
ENSG00000126550	0	0	0	0	0	0	0	0	0	0
ENSG00000126562	92	72	82	57	96	116	66	52	47	52
ENSG00000126733	0	0	0	0	1	0	0	0	0	0
ENSG00000126752	0	0	0	0	0	0	0	0	0	0
ENSG00000126856	0	0	0	0	0	0	0	0	0	0
ENSG00000126860	0	0	0	0	0	0	0	0	0	0
ENSG00000126890	0	0	0	0	0	0	0	0	0	0
ENSG00000126895	0	0	0	0	0	0	0	0	1	0
ENSG00000126952	0	0	0	0	0	0	0	0	0	0
ENSG00000127074	0	0	0	0	0	0	0	0	0	0
ENSG00000127083	0	0	0	0	0	0	0	0	0	0
ENSG00000127318	0	0	0	0	0	0	0	0	0	0
ENSG00000127362	0	0	0	0	0	0	0	0	1	0
ENSG00000127412	0	0	0	0	0	0	0	0	0	0
ENSG00000127472	0	0	0	0	1	0	0	0	0	0
ENSG00000127515	0	0	0	0	0	0	0	0	0	0
ENSG00000127529	0	0	0	0	0	0	0	0	0	0
ENSG00000127530	0	0	0	0	0	0	0	0	0	0
ENSG00000127533	0	0	0	0	0	0	0	0	0	0
ENSG00000127743	0	0	0	0	1	0	0	0	0	0
ENSG00000127780	0	0	0	0	0	0	0	0	0	0
ENSG00000127903	0	0	0	0	0	0	0	0	0	0
ENSG00000127928	0	0	0	0	0	0	0	0	0	0
ENSG00000128011	91	29	27	119	27	77	0	106	20	91
ENSG00000128040	0	0	0	0	1	0	0	0	0	0
ENSG00000128052	0	0	0	0	0	0	0	0	0	0
ENSG00000128250	0	0	0	0	0	0	0	0	0	0
ENSG00000128276	0	0	0	0	0	0	0	0	0	0
ENSG00000128285	0	0	0	0	0	0	0	0	0	0
ENSG00000128310	0	0	0	0	0	0	1	0	0	0
ENSG00000128313	0	0	0	0	0	0	0	0	0	0
ENSG00000128383	0	0	1	0	0	0	0	0	0	0
ENSG00000128438	0	0	0	0	0	0	0	0	0	0
ENSG00000128519	0	0	0	0	0	0	0	0	0	0
ENSG00000128610	0	0	0	0	0	0	0	0	0	0
ENSG00000128656	93	85	87	132	88	53	47	93	107	106
ENSG00000128714	0	0	0	0	0	0	0	0	0	0
ENSG00000128815	0	0	0	0	0	0	0	0	0	0
ENSG00000128917	61	71	65	2	96	15	37	0	80	12
ENSG00000129152	0	0	0	0	0	0	0	0	0	0
ENSG00000129170	0	0	1	0	0	0	0	0	0	0
ENSG00000129221	0	0	0	0	0	0	0	0	0	0
ENSG00000129450	0	0	0	0	0	0	0	0	0	0
ENSG00000129451	0	11	29	0	14	0	8	0	18	0
ENSG00000129465	0	0	0	0	0	0	0	0	0	0
ENSG00000129682	0	0	0	0	0	0	0	0	0	0
ENSG00000129744	0	0	0	0	0	0	0	0	0	0
ENSG00000129988	158	93	357	183	66	171	76	0	21	124
ENSG00000130222	15	13	7	15	19	0	0	0	12	2
ENSG00000130368	0	0	1	0	0	0	0	0	0	0
ENSG00000130385	0	0	1	0	0	0	0	0	0	0
ENSG00000130487	23	15	22	0	12	0	0	0	13	4
ENSG00000130598	0	37	7	0	9	0	9	0	9	0
ENSG00000130656	0	0	0	0	1	0	0	0	0	0
ENSG00000130822	0	19	18	17	30	0	27	0	14	13
ENSG00000131050	0	15	42	0	34	0	13	0	37	1
ENSG00000131080	35	23	43	116	23	104	16	62	34	60
ENSG00000131152	0	0	0	0	0	0	0	0	0	0
ENSG00000131368	250	338	504	295	487	316	276	286	293	385
ENSG00000131379	0	0	1	0	9	0	0	0	1	4
ENSG00000131634	0	0	1	0	0	0	0	0	0	0
ENSG00000131737	0	0	0	0	0	0	0	1	0	0
ENSG00000131876	413	637	1021	420	1023	268	444	247	801	693
ENSG00000131885	1	0	0	0	0	0	0	0	0	0
ENSG00000131910	9	4	14	8	39	0	3	0	35	3
ENSG00000132010	0	0	0	0	0	0	0	0	0	1
ENSG00000132185	0	0	0	0	0	0	0	0	0	0
ENSG00000132535	163	87	71	220	95	123	29	167	29	143
ENSG00000132681	0	0	1	0	0	0	0	0	0	0
ENSG00000132932	0	0	1	0	0	0	0	0	0	0
ENSG00000132958	0	0	0	0	1	0	0	0	0	0
ENSG00000133048	0	1	0	0	0	0	0	0	0	0
ENSG00000133069	53	18	18	37	5	0	0	13	12	36
ENSG00000133321	73	80	152	36	251	73	75	0	202	79
ENSG00000133858	345	580	691	543	775	682	228	621	544	576
ENSG00000134046	592	810	924	727	888	841	373	544	894	666
ENSG00000134056	165	244	370	165	321	126	88	47	383	253
ENSG00000134160	0	0	1	0	0	0	0	0	0	0
ENSG00000134184	0	0	0	0	0	0	0	0	0	1
ENSG00000134201	0	0	0	0	0	0	1	0	0	0
ENSG00000134242	9	44	47	2	69	9	12	0	16	6
ENSG00000134470	0	18	43	23	36	3	24	0	53	11
ENSG00000134516	30	0	8	5	7	19	0	44	0	24
ENSG00000135063	15	195	155	3	190	62	92	3	220	21
ENSG00000135144	42	15	8	2	21	31	0	0	22	19
ENSG00000135248	0	0	0	0	1	0	0	0	0	0
ENSG00000135333	9	1	0	32	0	0	0	0	0	10
ENSG00000135338	5	16	10	42	8	29	0	0	9	24
ENSG00000135426	0	0	0	0	0	0	1	0	0	0
ENSG00000135547	0	0	0	0	1	0	0	0	0	0
ENSG00000135549	2	169	235	9	225	2	73	0	260	21
ENSG00000135587	174	160	139	120	126	96	25	69	116	113
ENSG00000135744	46	13	10	69	8	4	2	0	7	50
ENSG00000135903	0	7	20	0	35	0	19	0	5	0
ENSG00000135925	36	21	13	25	5	0	0	0	11	8
ENSG00000136059	23	400	417	13	540	26	173	21	548	34
ENSG00000136104	115	226	277	122	339	218	117	101	220	253
ENSG00000136167	0	25	17	16	14	0	17	0	25	1
ENSG00000136267	0	0	1	0	0	0	0	0	0	0
ENSG00000136305	0	0	1	0	0	0	0	0	0	0
ENSG00000136522	244	237	391	194	268	129	170	45	315	276
ENSG00000136634	0	0	0	0	1	0	0	0	0	0
ENSG00000136869	0	11	7	0	16	0	24	0	24	0
ENSG00000136872	771	83	67	744	178	638	16	229	26	664
ENSG00000137094	44	37	37	65	60	49	0	100	54	81
ENSG00000137364	131	132	175	102	156	146	66	64	137	121
ENSG00000137441	0	0	1	0	0	0	0	0	0	0
ENSG00000137634	0	0	0	0	1	0	0	0	0	0
ENSG00000137648	9	283	193	5	324	19	90	2	326	23
ENSG00000137675	0	0	0	0	0	0	0	0	0	1
ENSG00000137707	0	0	0	0	1	0	0	0	0	0
ENSG00000137806	89	89	105	84	98	31	64	12	84	102
ENSG00000137868	799	987	763	904	704	606	412	651	624	591
ENSG00000137975	0	1	0	0	1	0	0	0	0	0
ENSG00000137976	0	0	1	0	0	0	0	0	0	0
ENSG00000138083	14	0	0	0	0	29	0	0	0	0
ENSG00000138315	0	15	4	0	12	28	12	0	19	0
ENSG00000138316	7	0	3	23	8	0	19	0	3	0
ENSG00000138587	10	14	56	29	39	29	0	2	34	24
ENSG00000138646	14	8	22	7	16	25	0	0	18	38
ENSG00000138653	0	0	1	0	0	0	0	0	0	0
ENSG00000138722	0	0	0	0	0	0	0	0	0	1
ENSG00000138785	92	84	88	129	94	90	36	27	93	104
ENSG00000138795	0	0	1	0	0	0	0	0	0	0
ENSG00000139116	175	208	263	283	298	292	178	217	224	281
ENSG00000139436	106	90	79	119	102	195	77	111	75	44
ENSG00000139547	0	17	34	17	10	0	0	14	11	3
ENSG00000139572	0	0	0	0	1	0	0	0	0	0
ENSG00000140279	17	10	121	12	153	3	22	0	34	20
ENSG00000140287	0	0	0	0	0	0	0	0	1	0
ENSG00000140379	16	26	95	18	37	6	20	0	107	65
ENSG00000140522	0	0	0	0	0	0	0	0	0	1
ENSG00000140563	2	18	77	4	24	9	0	1	26	2
ENSG00000140798	0	0	0	0	0	0	0	0	1	0
ENSG00000141052	40	0	2	27	0	37	1	35	0	42
ENSG00000141086	0	0	1	0	0	0	0	0	0	0
ENSG00000141338	19	8	19	64	19	23	0	0	2	17
ENSG00000141449	47	19	29	45	28	72	0	78	14	56
ENSG00000141485	2	0	6	30	4	16	0	39	0	8
ENSG00000141965	7	10	17	12	13	0	3	20	11	9
ENSG00000142182	0	0	0	0	0	0	0	0	0	0
ENSG00000142583	1	61	38	16	42	22	22	0	26	10
ENSG00000142615	0	0	0	0	0	0	0	0	0	1
ENSG00000142623	18	164	146	15	212	32	60	2	191	27
ENSG00000142973	0	0	0	0	1	0	0	0	0	0
ENSG00000143001	4	20	23	19	30	0	0	0	22	6
ENSG00000143167	0	42	20	9	34	0	0	18	35	0
ENSG00000143190	187	175	233	183	233	279	211	110	177	146
ENSG00000143195	0	0	1	0	0	0	0	0	0	0
ENSG00000143196	0	0	0	0	1	0	0	0	0	0
ENSG00000143257	0	0	0	0	1	0	0	0	0	0
ENSG00000143502	0	25	46	27	22	0	15	53	16	17
ENSG00000143786	45	10	3	20	18	1	0	0	5	20
ENSG00000144057	147	9	23	144	20	281	7	168	14	208
ENSG00000144120	145	115	138	165	118	122	71	104	162	155
ENSG00000144130	0	24	18	0	25	0	21	0	52	0
ENSG00000144182	24	22	39	37	19	33	2	13	34	41
ENSG00000144285	0	1	0	0	0	0	0	0	0	0
ENSG00000144407	0	0	0	0	0	0	0	0	0	1
ENSG00000144410	0	0	0	0	0	1	0	0	0	0
ENSG00000144452	7	15	39	14	21	1	0	0	14	0
ENSG00000144476	142	13	8	159	12	89	7	170	7	150
ENSG00000144644	0	0	0	0	0	0	0	0	0	1
ENSG00000144821	0	1	16	23	18	12	0	0	4	2
ENSG00000144834	0	0	0	0	1	0	0	0	0	0
ENSG00000145002	0	1	0	0	0	0	0	0	0	0
ENSG00000145103	0	7	14	0	20	0	0	0	10	0
ENSG00000145242	0	0	1	0	0	0	0	0	0	0
ENSG00000145423	12	0	0	42	2	6	7	23	0	3
ENSG00000145569	0	29	33	0	39	0	10	0	66	7
ENSG00000145681	0	0	0	0	0	0	0	0	0	1
ENSG00000145685	333	425	408	388	493	325	171	163	403	344
ENSG00000145692	0	1	0	0	0	0	0	0	0	0
ENSG00000145777	0	0	0	0	0	0	1	0	0	0
ENSG00000145779	134	231	289	123	305	91	143	212	279	186
ENSG00000145824	0	1	0	0	0	0	0	0	0	0
ENSG00000145832	0	0	0	0	0	0	0	0	1	0
ENSG00000145888	0	0	1	0	0	0	0	0	0	0
ENSG00000145911	34	67	47	10	38	0	16	0	115	15
ENSG00000146005	0	0	0	0	1	0	0	0	0	0
ENSG00000146221	10	0	3	0	1	0	0	0	0	0
ENSG00000146399	0	1	0	0	0	0	0	0	0	0
ENSG00000146904	15	74	59	4	70	0	12	0	58	16
ENSG00000147138	0	0	0	0	1	0	0	0	0	0
ENSG00000147246	0	1	0	0	0	0	0	0	0	0
ENSG00000147437	60	65	93	25	98	36	38	0	69	66
ENSG00000147485	0	0	3	4	1	0	0	13	0	0
ENSG00000147676	0	164	284	3	136	0	93	0	119	1
ENSG00000148053	0	35	88	2	41	0	3	0	15	0
ENSG00000148288	31	4	3	39	8	28	0	26	0	32
ENSG00000148408	1	189	105	48	198	10	117	31	156	30
ENSG00000148488	0	5	23	0	19	0	22	0	12	5
ENSG00000149043	7	169	187	1	213	58	85	25	228	20
ENSG00000149124	0	0	0	0	0	0	0	0	1	0
ENSG00000149201	0	0	10	2	25	0	6	0	6	18
ENSG00000149418	88	91	100	26	125	48	46	0	93	54
ENSG00000149443	0	0	0	0	1	0	0	0	0	0
ENSG00000149452	0	0	0	0	1	0	0	0	0	0
ENSG00000149571	170	33	23	158	24	74	2	103	38	99
ENSG00000149575	0	1	0	0	0	0	0	0	0	0
ENSG00000149599	9	5	3	48	5	0	0	11	0	37
ENSG00000149798	0	2	0	0	0	0	0	0	0	0
ENSG00000150051	0	0	0	0	0	1	0	0	0	0
ENSG00000150054	20	74	52	8	49	0	7	12	55	5
ENSG00000150201	21	41	8	6	16	0	1	0	11	5
ENSG00000150281	66	4	1	0	3	13	0	0	3	8
ENSG00000150403	304	287	281	223	399	238	178	255	326	273
ENSG00000150594	16	4	3	30	21	58	0	0	5	14
ENSG00000151005	0	0	0	0	1	0	0	0	0	0
ENSG00000151033	0	0	0	0	0	0	0	0	1	0
ENSG00000151062	0	0	1	0	0	0	0	0	0	0
ENSG00000151413	58	35	93	77	118	60	53	86	59	82
ENSG00000151490	0	0	0	0	1	0	0	0	0	0
ENSG00000151491	692	728	1042	759	1129	819	592	479	719	840
ENSG00000151692	76	47	42	118	64	97	0	54	48	100
ENSG00000152208	0	0	1	0	0	0	0	0	0	0
ENSG00000152229	8	22	23	0	24	5	0	6	8	0
ENSG00000152254	0	0	0	0	0	0	0	0	1	0
ENSG00000152377	67	5	14	159	13	70	0	149	4	94
ENSG00000152936	0	0	0	0	0	0	0	0	0	0
ENSG00000152954	0	0	1	0	0	0	0	0	0	0
ENSG00000153002	0	0	1	0	0	0	0	0	0	0
ENSG00000153012	0	1	0	0	0	0	0	0	0	0
ENSG00000153064	9	12	40	54	56	24	5	0	44	37
ENSG00000153347	0	2	0	0	1	0	0	0	2	0
ENSG00000153802	0	0	1	0	0	0	0	0	0	0
ENSG00000154310	14	19	14	13	27	15	0	12	17	5
ENSG00000154438	0	0	0	0	1	0	0	0	0	0
ENSG00000154646	0	1	0	0	0	0	0	0	0	0
ENSG00000154764	25	80	46	8	25	0	15	9	89	24
ENSG00000154917	20	16	8	0	16	50	0	0	13	20
ENSG00000155034	19	55	40	65	46	0	30	2	42	34
ENSG00000155495	0	0	0	0	1	0	0	0	0	0
ENSG00000155849	55	24	49	51	68	82	16	51	44	50
ENSG00000155961	0	0	0	0	0	0	0	0	1	0
ENSG00000156103	0	16	62	0	27	3	37	4	4	9
ENSG00000156475	0	0	0	0	1	0	0	0	0	0
ENSG00000156920	0	0	0	1	0	0	0	0	0	0
ENSG00000157103	0	0	0	0	0	0	0	0	0	1
ENSG00000157303	0	0	0	0	0	0	0	0	0	1
ENSG00000157404	0	18	18	0	16	6	5	0	22	5
ENSG00000157551	22	0	0	23	0	10	5	10	0	13
ENSG00000157578	0	12	14	42	24	40	0	11	8	13
ENSG00000157999	0	8	18	12	4	0	1	0	23	11
ENSG00000158006	185	180	158	137	169	152	103	66	145	176
ENSG00000158423	16	7	15	20	33	37	0	0	25	27
ENSG00000158427	0	1	0	0	2	0	0	0	0	0
ENSG00000158813	4	32	34	0	36	0	17	8	41	8
ENSG00000158865	38	0	0	9	4	12	0	0	1	3
ENSG00000159640	26	6	5	0	13	21	0	0	1	6
ENSG00000159674	79	125	89	71	42	78	29	0	39	82
ENSG00000159708	22	23	20	28	29	9	0	0	10	16
ENSG00000159882	24	53	38	41	54	76	0	12	42	57
ENSG00000160051	36	36	38	0	24	40	12	0	17	29
ENSG00000160072	22	26	35	8	45	10	1	0	42	42
ENSG00000160181	25	16	15	0	67	0	3	5	31	3
ENSG00000160207	0	11	7	25	5	6	0	0	0	0
ENSG00000160345	15	49	46	18	43	54	61	40	49	53
ENSG00000160349	0	0	1	0	0	0	0	0	0	0
ENSG00000160588	5	85	90	14	97	11	30	0	77	35
ENSG00000160862	39	20	53	7	103	44	30	0	31	59
ENSG00000161133	0	0	0	0	1	0	0	0	0	0
ENSG00000161558	172	182	238	152	168	222	130	158	148	137
ENSG00000161905	0	0	1	0	0	0	0	0	0	0
ENSG00000161956	151	111	131	149	117	122	83	90	75	109
ENSG00000161973	0	1	0	0	0	0	0	0	0	0
ENSG00000162040	0	1	4	0	0	0	0	0	3	2
ENSG00000162069	0	20	17	0	42	0	8	0	21	0
ENSG00000162078	125	153	206	48	298	146	111	0	248	109
ENSG00000162460	0	7	0	0	22	0	5	0	23	19
ENSG00000162482	17	27	42	9	50	0	11	0	33	6
ENSG00000162490	0	0	0	0	0	0	0	0	1	0
ENSG00000162594	0	0	0	0	1	0	0	0	0	0
ENSG00000162755	50	22	21	25	33	0	12	0	43	69
ENSG00000162881	0	1	0	0	0	0	0	0	0	0
ENSG00000162946	46	16	13	24	12	25	17	26	8	30
ENSG00000162947	0	0	0	0	0	0	0	0	0	1
ENSG00000162949	0	21	13	1	10	0	11	0	11	0
ENSG00000163026	155	94	73	108	63	142	0	125	42	117
ENSG00000163075	20	5	16	32	5	31	0	12	0	20
ENSG00000163116	0	0	1	7	1	0	0	0	1	1
ENSG00000163202	0	0	0	0	0	0	0	0	0	1
ENSG00000163209	1	52	31	0	29	0	11	0	136	2
ENSG00000163217	0	0	0	0	1	0	0	0	0	0
ENSG00000163220	8	9	56	5	15	0	0	0	2	68
ENSG00000163295	92	13	8	50	24	131	0	34	11	69
ENSG00000163312	10	36	78	42	56	43	17	0	30	55
ENSG00000163421	0	0	0	0	1	0	0	0	0	0
ENSG00000163424	0	1	0	0	0	0	0	0	0	0
ENSG00000163449	16	12	11	0	10	14	0	0	9	22
ENSG00000163499	0	0	0	0	0	0	0	0	0	1
ENSG00000163590	11	21	32	9	29	21	0	0	27	18
ENSG00000163701	51	69	69	3	65	2	59	0	85	36
ENSG00000163751	0	0	0	0	0	0	1	0	0	0
ENSG00000163781	203	206	349	266	317	313	89	253	198	215
ENSG00000163793	0	0	0	0	1	0	0	0	0	0
ENSG00000163823	0	0	1	0	0	0	0	0	0	0
ENSG00000164035	0	0	1	0	0	0	0	0	0	0
ENSG00000164099	26	78	195	35	120	21	22	1	121	40
ENSG00000164112	0	0	1	0	0	0	0	0	0	0
ENSG00000164122	0	0	1	0	0	0	0	0	0	0
ENSG00000164123	0	0	0	0	0	0	0	0	1	0
ENSG00000164188	0	1	0	0	0	0	0	0	0	0
ENSG00000164219	98	110	189	85	115	119	61	92	107	117
ENSG00000164258	432	484	589	410	555	463	325	194	495	586
ENSG00000164266	117	33	52	40	42	52	2	0	22	105
ENSG00000164318	0	0	1	0	0	0	0	0	0	0
ENSG00000164393	0	0	1	0	0	0	0	0	0	0
ENSG00000164604	0	0	0	0	0	0	0	1	0	0
ENSG00000164694	0	0	0	0	0	0	0	0	0	1
ENSG00000164825	28	1	26	26	6	57	0	12	6	49
ENSG00000164900	0	0	0	0	0	0	0	0	1	0
ENSG00000164989	19	10	25	27	20	29	0	0	9	4
ENSG00000165025	1	116	176	0	129	6	80	0	179	5
ENSG00000165185	45	51	117	77	95	44	57	0	72	47
ENSG00000165197	0	13	9	1	11	35	0	29	8	11
ENSG00000165219	165	189	245	176	231	233	119	120	158	176
ENSG00000165409	0	0	0	0	0	0	0	0	0	1
ENSG00000165495	0	0	0	0	0	0	1	0	0	0
ENSG00000165661	233	198	296	213	242	249	174	202	219	225
ENSG00000165685	0	0	1	0	0	0	0	0	0	0
ENSG00000165917	0	32	10	0	36	15	17	8	26	13
ENSG00000165973	0	0	1	0	0	0	0	0	0	0
ENSG00000166220	0	0	0	0	1	0	0	0	0	0
ENSG00000166289	37	14	37	3	19	31	0	0	16	18
ENSG00000166396	1	9	269	13	48	7	27	6	113	76
ENSG00000166402	105	46	25	47	36	71	0	86	12	69
ENSG00000166569	0	0	0	0	0	1	0	0	0	0
ENSG00000166589	31	0	2	6	5	21	0	0	2	16
ENSG00000166770	0	0	0	0	1	0	0	0	0	0
ENSG00000166863	25	12	9	0	41	0	12	1	4	24
ENSG00000166924	0	24	35	18	26	0	10	0	6	18
ENSG00000166961	0	1	0	0	0	0	0	0	0	0
ENSG00000167065	40	10	12	11	16	28	0	0	4	19
ENSG00000167083	0	0	1	0	0	0	0	0	0	0
ENSG00000167139	0	1	0	0	0	0	0	0	0	0
ENSG00000167157	53	137	60	19	45	6	1	5	133	17
ENSG00000167220	0	18	12	9	17	0	25	1	19	14
ENSG00000167434	0	0	0	0	0	0	0	0	0	1
ENSG00000167476	0	0	0	0	0	0	0	1	0	0
ENSG00000167494	0	0	0	0	1	0	0	0	0	0
ENSG00000167601	663	798	622	988	604	418	369	443	655	956
ENSG00000167608	39	1011	1006	58	1071	111	593	96	946	109
ENSG00000167617	2	10	43	5	71	0	0	0	21	33
ENSG00000167644	23	77	63	68	76	25	41	0	81	57
ENSG00000167685	783	569	582	615	721	572	269	685	437	533
ENSG00000167741	0	1	0	0	0	0	0	0	0	0
ENSG00000167755	0	19	23	0	5	0	2	0	16	0
ENSG00000167757	0	43	13	0	33	0	24	0	52	0
ENSG00000167858	0	0	1	0	0	0	0	0	0	0
ENSG00000167912	13	37	39	2	55	0	50	0	33	5
ENSG00000168060	0	1	0	0	0	0	0	0	0	0
ENSG00000168131	0	0	0	0	0	0	0	0	0	1
ENSG00000168298	7	10	4	4	29	4	0	0	15	78
ENSG00000168348	0	0	0	0	0	0	0	0	1	0
ENSG00000168412	0	0	0	0	0	0	0	0	0	1
ENSG00000168447	0	6	8	0	10	0	0	0	12	6
ENSG00000168481	10	0	0	0	2	32	0	6	7	9
ENSG00000168497	49	47	48	67	48	27	15	3	48	45
ENSG00000168631	28	566	122	19	320	41	35	19	692	18
ENSG00000168828	0	0	1	0	0	0	0	0	0	0
ENSG00000168918	0	1	1	3	4	6	75	0	5	10
ENSG00000168959	0	0	0	0	0	0	0	0	0	1
ENSG00000169016	107	78	89	71	103	125	30	97	46	176
ENSG00000169402	0	0	1	0	0	0	0	0	0	0
ENSG00000169403	15	47	112	8	81	0	50	0	99	4
ENSG00000169418	0	24	14	7	19	0	0	1	34	5
ENSG00000169469	0	199	49	0	23	0	34	0	90	0
ENSG00000169474	0	110	59	0	49	0	7	0	122	4
ENSG00000169508	0	1	0	0	0	0	0	0	0	0
ENSG00000169605	0	0	0	0	0	0	0	0	1	0
ENSG00000169618	0	0	0	0	1	0	0	0	0	0
ENSG00000169668	0	1	0	0	0	0	0	0	0	0
ENSG00000169679	134	90	216	132	142	186	52	125	114	111
ENSG00000170037	632	459	462	637	548	410	249	437	413	470
ENSG00000170166	0	0	0	0	0	0	0	0	0	1
ENSG00000170290	0	2	8	18	0	0	0	15	1	13
ENSG00000170370	0	1	0	0	0	0	0	0	0	0
ENSG00000170374	10	0	0	0	0	3	0	0	0	0
ENSG00000170409	0	0	0	0	0	0	0	0	1	0
ENSG00000170484	0	0	0	0	0	0	1	0	0	0
ENSG00000170571	77	118	266	61	175	75	97	110	123	40
ENSG00000170577	0	0	0	0	0	0	0	0	1	0
ENSG00000170629	19	6	17	30	15	38	16	38	3	15
ENSG00000170786	17	140	207	18	248	1	41	0	240	49
ENSG00000170801	53	2	2	89	7	81	8	77	3	71
ENSG00000170890	15	2	0	16	1	26	0	0	3	0
ENSG00000171004	0	1	0	0	0	0	0	0	0	0
ENSG00000171056	8	6	3	51	3	17	1	47	0	17
ENSG00000171102	0	0	0	0	1	0	0	0	0	0
ENSG00000171124	24	157	226	38	230	45	57	0	192	24
ENSG00000171246	493	73	36	701	20	775	30	520	51	447
ENSG00000171346	266	1396	1282	143	2788	77	739	112	2324	225
ENSG00000171401	0	10	8	0	23	10	1	2	39	15
ENSG00000171431	0	9	19	0	34	4	0	6	17	16
ENSG00000171446	0	0	0	0	1	0	0	0	0	0
ENSG00000171501	0	0	1	0	0	0	0	0	0	0
ENSG00000171509	0	1	0	0	0	0	0	0	0	0
ENSG00000171551	0	23	8	22	0	13	0	24	6	1
ENSG00000171570	0	0	0	0	1	0	0	0	0	0
ENSG00000171595	0	0	0	0	0	0	0	0	0	0
ENSG00000171711	0	0	1	0	0	0	0	0	0	0
ENSG00000171786	33	0	3	17	11	0	0	0	3	10
ENSG00000171812	0	0	0	1	0	0	0	0	0	0
ENSG00000171819	0	0	0	0	1	0	0	0	0	0
ENSG00000171855	0	0	1	0	0	0	0	0	0	0
ENSG00000171916	7	12	4	0	16	0	0	0	22	2
ENSG00000171944	0	0	0	0	0	1	0	0	0	0
ENSG00000171951	16	5	16	0	18	35	0	0	15	19
ENSG00000171992	724	736	544	812	536	526	315	565	661	490
ENSG00000172000	0	1	0	0	0	0	0	0	0	0
ENSG00000172292	12	42	64	50	58	41	1	2	59	49
ENSG00000172322	0	0	0	0	0	0	0	0	1	0
ENSG00000172350	0	1	0	0	0	0	0	0	0	0
ENSG00000172465	138	140	205	175	189	250	80	201	161	183
ENSG00000172508	0	31	12	2	40	7	20	0	29	6
ENSG00000172799	0	0	0	0	0	0	0	0	0	1
ENSG00000172818	0	0	0	0	1	0	0	0	0	0
ENSG00000172969	1	0	0	0	0	0	0	0	0	0
ENSG00000173110	11	166	64	66	166	8	30	0	79	58
ENSG00000173198	0	0	1	0	0	0	0	0	0	0
ENSG00000173212	0	0	0	0	1	0	0	0	0	0
ENSG00000173467	21	266	298	5	498	29	67	1	439	84
ENSG00000173662	0	1	0	0	0	0	0	0	0	0
ENSG00000173825	0	8	12	0	11	13	0	0	5	19
ENSG00000173868	0	0	0	0	0	0	0	0	0	1
ENSG00000173966	0	0	0	0	0	0	0	0	0	0
ENSG00000174004	0	0	1	0	0	0	0	0	0	0
ENSG00000174145	0	1	0	0	0	0	0	0	0	0
ENSG00000174231	2787	2253	2938	2544	2670	2363	1233	1560	2255	2712
ENSG00000174236	0	0	0	0	1	0	0	0	0	0
ENSG00000174448	0	0	0	0	0	0	0	0	1	0
ENSG00000174498	0	0	1	0	0	0	0	0	0	0
ENSG00000174502	31	68	105	10	104	9	58	0	60	17
ENSG00000174529	0	28	16	16	8	23	11	0	15	36
ENSG00000174567	126	73	108	44	152	66	114	0	105	77
ENSG00000174607	7	17	21	0	5	0	18	0	21	1
ENSG00000174640	0	0	1	0	0	0	0	0	0	0
ENSG00000174842	28	36	76	7	70	46	0	18	38	68
ENSG00000174844	0	0	10	0	8	16	16	0	3	0
ENSG00000175040	0	9	25	1	24	0	16	1	38	14
ENSG00000175325	0	0	1	0	0	0	0	0	0	0
ENSG00000175604	0	0	1	0	0	0	0	0	0	0
ENSG00000175787	79	47	45	29	49	36	5	0	22	37
ENSG00000175800	0	1	0	0	0	0	0	0	0	0
ENSG00000175920	19	27	20	0	20	0	13	0	27	5
ENSG00000175946	0	0	0	0	0	0	0	0	1	0
ENSG00000175967	0	0	0	0	0	0	0	0	1	0
ENSG00000176049	0	0	0	0	0	1	0	0	0	0
ENSG00000176101	1055	1071	1229	619	1272	603	333	298	1272	952
ENSG00000176302	0	0	1	0	0	0	0	0	0	0
ENSG00000176343	0	0	1	0	0	0	0	0	0	0
ENSG00000176435	0	1	0	0	0	0	0	0	0	0
ENSG00000176566	0	0	1	0	0	0	0	0	0	0
ENSG00000176798	0	0	1	0	0	0	0	0	0	0
ENSG00000176920	4	23	66	6	65	1	34	0	34	24
ENSG00000177047	0	1	0	0	0	0	0	0	0	0
ENSG00000177144	0	0	0	0	0	0	0	0	1	0
ENSG00000177350	0	0	0	0	0	0	0	0	0	1
ENSG00000177414	0	0	0	0	0	0	0	0	0	0
ENSG00000177464	0	0	0	0	0	0	0	0	1	0
ENSG00000177468	0	0	1	0	0	0	0	0	0	0
ENSG00000177508	82	29	31	55	18	82	0	65	15	42
ENSG00000177575	0	0	0	0	1	0	0	0	0	0
ENSG00000177599	1	0	0	0	0	0	0	0	0	0
ENSG00000177675	5	62	59	0	103	36	41	15	60	15
ENSG00000177710	0	0	1	0	0	0	0	0	0	0
ENSG00000177800	0	0	0	0	0	0	0	0	1	0
ENSG00000177822	51	21	22	15	12	0	0	0	14	11
ENSG00000177938	0	0	0	0	1	0	0	0	0	0
ENSG00000177994	0	0	0	1	0	0	0	0	0	0
ENSG00000178075	1	18	17	0	25	0	16	0	20	5
ENSG00000178125	0	0	1	0	0	0	0	0	0	0
ENSG00000178163	53	52	89	64	93	59	44	24	66	83
ENSG00000178343	0	0	0	0	1	0	0	0	0	0
ENSG00000178412	0	0	1	0	0	0	0	0	0	0
ENSG00000178522	0	0	0	0	0	0	0	0	0	1
ENSG00000178660	0	0	0	0	0	0	1	0	0	0
ENSG00000178734	0	1	0	0	0	0	0	0	0	0
ENSG00000178789	0	0	0	0	1	0	0	0	0	0
ENSG00000178826	24	35	41	13	41	0	14	0	51	35
ENSG00000178917	10	18	10	0	29	0	0	21	12	12
ENSG00000179088	0	0	1	0	0	0	0	0	0	0
ENSG00000179097	0	1	0	0	0	0	0	0	0	0
ENSG00000179133	0	0	0	0	0	0	0	0	0	1
ENSG00000179148	4	25	26	18	18	0	18	0	25	5
ENSG00000179178	0	112	99	9	122	2	24	15	150	1
ENSG00000179242	60	14	12	62	8	27	4	83	8	57
ENSG00000179344	0	0	0	0	0	0	0	0	1	0
ENSG00000179362	8	15	52	3	32	1	25	0	30	20
ENSG00000179363	0	0	0	0	1	0	0	0	0	0
ENSG00000179399	0	0	0	0	0	0	0	1	0	0
ENSG00000179577	0	0	0	0	0	0	0	0	0	1
ENSG00000179636	0	0	1	0	0	0	0	0	0	0
ENSG00000179869	0	0	0	0	1	0	0	0	0	0
ENSG00000179943	544	535	494	362	464	454	206	280	477	452
ENSG00000180113	0	0	0	0	1	0	0	0	0	0
ENSG00000180150	0	0	0	0	0	0	0	0	0	0
ENSG00000180458	0	0	0	0	0	1	0	0	0	0
ENSG00000180638	30	16	14	2	8	0	0	0	13	20
ENSG00000180662	0	0	1	0	0	0	0	0	0	0
ENSG00000180697	0	0	0	0	1	0	0	0	0	0
ENSG00000180739	25	0	1	0	0	17	0	0	0	13
ENSG00000180815	58	6	4	55	17	74	0	16	3	39
ENSG00000180869	0	0	0	0	1	0	0	0	0	0
ENSG00000180988	0	1	0	0	0	0	0	0	0	0
ENSG00000181195	0	0	0	0	0	0	1	0	0	0
ENSG00000181908	0	0	0	0	0	0	0	0	1	0
ENSG00000181943	0	0	0	0	0	0	0	0	0	0
ENSG00000181984	0	0	1	0	0	0	0	0	0	0
ENSG00000181997	0	0	0	0	0	0	1	0	0	0
ENSG00000182040	0	1	1	0	0	0	0	0	1	0
ENSG00000182187	0	0	0	0	0	0	0	0	0	0
ENSG00000182223	0	0	0	0	0	0	0	0	1	0
ENSG00000182264	0	1	0	0	0	0	0	0	0	0
ENSG00000182327	26	18	21	0	23	28	0	0	7	13
ENSG00000182393	0	0	0	0	0	0	0	0	0	1
ENSG00000182586	0	0	0	0	1	0	0	0	0	0
ENSG00000182625	0	0	0	0	0	0	0	0	0	1
ENSG00000182824	0	0	1	0	0	0	0	0	0	0
ENSG00000182827	207	194	256	266	295	193	152	252	217	173
ENSG00000182938	0	0	1	0	0	0	0	0	0	0
ENSG00000182983	0	0	1	0	0	0	0	0	0	0
ENSG00000183114	63	0	5	29	1	15	0	31	2	32
ENSG00000183251	0	0	0	0	1	0	0	0	0	0
ENSG00000183379	0	1	0	0	0	0	0	0	0	0
ENSG00000183432	2	0	0	0	0	0	0	0	0	0
ENSG00000183439	0	0	1	0	0	0	0	0	0	0
ENSG00000183628	0	0	0	0	0	0	0	0	0	1
ENSG00000183632	0	1	0	0	0	0	0	0	0	0
ENSG00000183638	0	0	0	0	0	0	0	0	0	1
ENSG00000183668	0	0	0	0	0	0	0	0	1	0
ENSG00000183674	0	1	0	0	0	0	0	0	0	0
ENSG00000183715	0	0	0	0	0	1	0	0	0	0
ENSG00000183742	6	155	191	18	154	0	60	0	213	17
ENSG00000183850	0	0	0	0	0	0	0	0	1	0
ENSG00000183914	2	40	54	8	63	0	19	9	35	10
ENSG00000184058	8	3	5	35	2	8	10	12	0	23
ENSG00000184148	0	1	0	0	0	0	0	0	0	0
ENSG00000184156	0	25	35	0	12	1	11	0	14	0
ENSG00000184292	0	0	1	0	0	0	0	0	0	0
ENSG00000184293	0	0	1	0	0	0	0	0	0	0
ENSG00000184492	8	35	16	20	5	0	0	65	13	17
ENSG00000184635	0	0	0	1	0	0	0	0	0	0
ENSG00000184647	0	0	0	0	1	0	0	0	0	0
ENSG00000184698	0	0	0	0	0	0	0	0	1	0
ENSG00000184845	25	1	2	7	1	0	0	13	7	31
ENSG00000184856	0	0	0	0	1	0	0	0	0	0
ENSG00000184905	0	0	0	0	1	0	0	0	0	0
ENSG00000184985	84	25	31	70	46	84	30	0	20	59
ENSG00000184986	13	9	3	29	7	0	0	29	0	8
ENSG00000185055	0	4	3	13	2	5	0	0	2	3
ENSG00000185182	0	0	0	0	0	1	0	0	0	0
ENSG00000185522	307	326	277	253	432	213	194	331	211	257
ENSG00000185614	0	7	3	20	6	0	0	0	13	17
ENSG00000185633	9	29	16	8	23	9	10	16	31	12
ENSG00000185640	0	0	0	0	1	0	0	0	0	0
ENSG00000185681	0	0	0	0	1	0	0	0	0	0
ENSG00000185736	0	0	0	0	0	0	0	0	0	0
ENSG00000185818	57	8	0	13	14	0	0	0	6	14
ENSG00000185847	0	0	0	0	0	0	0	0	1	0
ENSG00000185863	0	0	0	0	0	1	0	0	0	0
ENSG00000185915	0	0	0	0	0	0	0	0	1	0
ENSG00000185974	0	0	0	0	1	0	0	0	0	0
ENSG00000186184	731	1027	1112	779	1045	570	523	456	1024	774
ENSG00000186265	0	0	1	0	0	0	0	0	0	0
ENSG00000186335	0	0	1	0	0	0	0	0	0	0
ENSG00000186352	50	38	19	9	45	0	0	39	42	28
ENSG00000186417	0	0	0	0	1	0	0	0	0	0
ENSG00000186439	0	0	0	0	1	0	0	0	0	0
ENSG00000186442	0	0	0	0	0	0	0	0	0	1
ENSG00000186474	0	0	0	0	0	0	0	0	0	1
ENSG00000186603	0	19	44	0	23	0	41	0	24	8
ENSG00000186868	44	16	4	21	12	21	0	0	8	29
ENSG00000186994	13	11	10	4	4	12	0	0	5	1
ENSG00000186998	47	6	10	0	11	5	0	0	5	22
ENSG00000187010	0	1	0	0	0	0	0	0	0	0
ENSG00000187017	0	17	17	0	20	0	0	11	22	6
ENSG00000187021	0	0	0	0	0	0	0	0	1	0
ENSG00000187238	0	0	0	0	0	0	0	0	0	0
ENSG00000187258	0	0	1	0	0	0	0	0	0	0
ENSG00000187398	0	0	0	0	1	0	0	0	0	0
ENSG00000187416	0	0	1	0	3	0	2	0	2	0
ENSG00000187479	0	8	28	0	29	0	0	0	57	21
ENSG00000187741	124	157	196	109	161	116	70	177	101	106
ENSG00000187747	0	0	0	0	1	0	0	0	0	0
ENSG00000187824	69	26	41	38	43	56	4	35	23	94
ENSG00000187908	23	126	215	22	105	2	55	0	104	21
ENSG00000187980	0	0	0	0	1	0	0	0	0	0
ENSG00000187987	0	0	0	0	0	0	0	0	1	0
ENSG00000187999	0	0	0	0	0	0	0	0	1	0
ENSG00000188051	0	1	14	2	0	39	12	20	4	13
ENSG00000188056	0	0	0	0	0	0	0	0	1	0
ENSG00000188107	0	2	13	13	10	21	0	0	6	29
ENSG00000188124	0	0	0	0	0	0	0	0	0	0
ENSG00000188171	0	0	0	0	0	1	0	0	0	0
ENSG00000188282	0	0	1	0	0	0	0	0	0	0
ENSG00000188396	0	3	12	19	11	0	0	50	9	11
ENSG00000188512	0	0	0	0	0	1	0	0	0	0
ENSG00000188581	0	0	0	0	0	0	0	0	0	0
ENSG00000188687	2	10	11	0	8	0	14	0	10	8
ENSG00000188771	0	0	0	0	1	0	0	0	0	0
ENSG00000188779	27	19	13	38	13	14	0	0	4	16
ENSG00000188817	0	0	0	0	0	0	0	0	0	0
ENSG00000188833	14	52	83	24	147	14	19	0	85	32
ENSG00000188846	2362	3217	3761	2407	3584	2046	1151	1207	3354	3213
ENSG00000188873	0	0	0	0	0	0	0	0	0	1
ENSG00000188958	0	0	0	0	1	0	0	0	0	0
ENSG00000189045	5	9	24	0	33	17	0	0	41	13
ENSG00000189090	0	0	1	0	0	0	0	0	0	0
ENSG00000189108	0	0	0	0	0	0	0	0	0	1
ENSG00000189238	0	0	0	0	1	0	0	0	0	0
ENSG00000189295	0	0	1	0	0	0	0	0	0	0
ENSG00000189334	287	2621	2136	156	2258	251	766	89	3395	409
ENSG00000189433	50	32	22	3	23	30	0	6	62	17
ENSG00000196092	0	0	0	0	1	0	0	0	0	0
ENSG00000196118	23	21	4	8	13	0	0	0	12	15
ENSG00000196166	0	0	0	0	0	0	0	0	0	1
ENSG00000196208	45	2	2	0	10	21	0	3	4	21
ENSG00000196289	0	0	0	0	0	0	0	0	0	1
ENSG00000196345	0	0	0	0	0	0	0	0	0	1
ENSG00000196358	61	2	13	66	5	55	0	92	1	22
ENSG00000196420	14	46	21	12	29	0	3	0	30	11
ENSG00000196431	0	0	0	0	0	0	0	0	0	1
ENSG00000196503	0	0	0	0	0	1	0	0	0	0
ENSG00000196531	2632	3508	4190	2116	4525	2036	1785	732	3803	3723
ENSG00000196581	0	0	0	0	0	0	0	0	0	0
ENSG00000196620	0	0	7	27	15	17	0	0	5	9
ENSG00000196660	0	1	0	0	0	0	0	0	0	0
ENSG00000196754	65	92	59	49	64	42	29	0	116	107
ENSG00000196990	0	0	0	0	1	0	0	0	0	0
ENSG00000197021	257	183	223	155	307	144	147	52	169	197
ENSG00000197050	12	1	18	7	24	0	0	6	26	24
ENSG00000197054	0	0	0	0	0	0	0	0	0	1
ENSG00000197106	25	2	17	19	6	34	0	0	4	6
ENSG00000197140	6	22	31	9	36	5	0	0	28	9
ENSG00000197273	0	11	10	0	13	0	1	6	49	1
ENSG00000197291	0	0	0	0	0	0	0	0	0	1
ENSG00000197416	0	0	0	0	0	0	0	0	0	1
ENSG00000197454	0	0	0	0	0	0	0	0	0	0
ENSG00000197497	0	0	0	0	1	0	0	0	0	0
ENSG00000197520	1	114	58	12	110	6	19	1	94	11
ENSG00000197550	0	0	0	0	0	0	0	0	0	1
ENSG00000197579	180	141	178	236	148	227	61	125	159	133
ENSG00000197584	0	0	0	0	1	0	0	0	0	0
ENSG00000197616	0	1	0	0	0	0	0	0	0	0
ENSG00000197617	0	0	0	0	1	0	0	0	0	0
ENSG00000197647	0	0	0	0	0	0	0	0	1	0
ENSG00000197771	422	468	663	440	593	573	168	251	506	444
ENSG00000197826	0	1	0	0	0	0	0	0	0	0
ENSG00000197934	0	1	0	0	0	0	0	0	0	0
ENSG00000197937	0	0	0	1	0	0	0	0	0	0
ENSG00000198099	64	4	43	31	35	87	13	0	11	93
ENSG00000198108	0	1	0	0	0	0	0	0	0	0
ENSG00000198113	604	694	750	618	776	330	380	439	717	457
ENSG00000198237	0	0	0	0	0	1	0	0	0	0
ENSG00000198251	0	0	0	0	0	0	0	0	1	0
ENSG00000198429	0	0	0	0	0	0	0	1	0	0
ENSG00000198488	84	208	93	71	166	33	48	15	204	20
ENSG00000198535	25	1	15	11	20	0	13	0	19	17
ENSG00000198719	9	1	3	5	4	0	0	0	2	3
ENSG00000198785	0	8	3	0	10	7	0	4	3	2
ENSG00000198829	19	4	51	25	21	2	2	76	0	41
ENSG00000198838	14	35	61	25	72	52	16	3	34	20
ENSG00000198842	0	0	0	0	0	0	1	0	0	0
ENSG00000198848	32	0	0	7	12	13	0	18	15	27
ENSG00000198934	49	12	36	33	17	20	0	1	4	31
ENSG00000198975	0	0	0	0	0	0	0	0	1	0
ENSG00000198995	0	0	0	0	1	0	0	0	0	0
ENSG00000199036	0	0	1	0	0	0	0	0	0	0
ENSG00000199038	35	12	14	13	25	0	22	0	3	22
ENSG00000199102	0	0	0	0	0	0	0	0	1	0
ENSG00000199121	0	0	0	0	1	0	0	0	0	0
ENSG00000199201	0	0	0	0	1	0	0	0	0	0
ENSG00000199313	0	0	0	0	0	0	0	0	1	0
ENSG00000199319	0	0	1	0	0	0	0	0	0	0
ENSG00000199461	0	0	0	0	1	0	0	0	0	0
ENSG00000199509	0	1	0	0	0	0	0	0	0	0
ENSG00000199545	0	1	0	0	0	0	0	0	0	0
ENSG00000199580	0	0	0	0	1	0	0	0	0	0
ENSG00000199676	0	0	0	0	1	0	0	0	0	0
ENSG00000199695	0	0	1	0	0	0	0	0	0	0
ENSG00000199713	0	0	0	0	0	0	0	0	0	0
ENSG00000199730	0	0	0	0	0	0	0	0	1	0
ENSG00000199764	0	0	0	0	0	0	0	0	0	0
ENSG00000199805	0	0	0	0	0	0	0	0	1	0
ENSG00000199875	0	0	0	0	1	0	0	0	0	0
ENSG00000199906	0	0	0	0	1	0	0	0	0	0
ENSG00000199961	0	0	0	0	0	0	0	0	1	0
ENSG00000200065	0	0	0	0	0	0	0	0	0	1
ENSG00000200086	0	1	0	0	0	0	0	0	0	0
ENSG00000200114	0	0	0	0	0	0	0	0	0	0
ENSG00000200152	0	0	1	0	0	0	0	0	0	0
ENSG00000200169	0	0	0	0	0	0	0	0	0	1
ENSG00000200183	0	0	0	0	0	0	0	0	0	1
ENSG00000200215	0	0	0	0	0	0	0	0	0	0
ENSG00000200394	0	0	0	0	0	0	0	0	0	1
ENSG00000200525	0	0	0	0	1	0	0	0	0	0
ENSG00000200536	0	0	0	0	0	0	0	0	0	0
ENSG00000200547	0	0	0	0	0	0	0	0	0	0
ENSG00000200550	0	0	0	0	1	0	0	0	0	0
ENSG00000200555	0	1	0	0	0	0	0	0	0	0
ENSG00000200701	0	0	1	0	0	0	0	0	0	0
ENSG00000200788	0	1	0	0	0	0	0	0	0	0
ENSG00000200795	0	1	0	0	0	0	0	0	0	0
ENSG00000200815	0	0	1	0	0	0	0	0	0	0
ENSG00000200829	0	0	0	0	0	0	0	0	1	0
ENSG00000200847	0	0	0	0	0	0	0	0	0	1
ENSG00000200855	0	1	0	0	0	0	0	0	0	0
ENSG00000200893	0	0	0	0	1	0	0	0	0	0
ENSG00000200895	0	0	1	0	0	0	0	0	0	0
ENSG00000200941	0	0	0	0	1	0	0	0	0	0
ENSG00000200953	0	0	0	0	1	0	0	0	0	0
ENSG00000201032	0	1	0	0	0	0	0	0	0	0
ENSG00000201085	0	0	1	0	0	0	0	0	0	0
ENSG00000201129	0	0	0	0	1	0	0	0	0	0
ENSG00000201176	0	0	0	0	0	0	0	0	1	0
ENSG00000201209	0	0	0	0	0	0	0	0	0	1
ENSG00000201239	0	0	0	0	1	0	0	0	0	0
ENSG00000201288	0	0	0	0	0	0	0	0	0	0
ENSG00000201317	0	0	0	0	0	0	0	0	1	0
ENSG00000201371	0	0	1	0	0	0	0	0	0	0
ENSG00000201432	0	0	0	0	0	0	1	0	0	0
ENSG00000201441	0	0	0	0	0	0	1	0	0	0
ENSG00000201470	0	0	1	0	0	0	0	0	0	0
ENSG00000201498	0	0	0	0	0	0	0	0	1	0
ENSG00000201547	0	0	1	0	0	0	0	0	0	0
ENSG00000201579	0	0	0	0	0	0	0	0	0	1
ENSG00000201592	0	1	0	0	0	0	0	0	0	0
ENSG00000201595	0	0	0	0	1	0	0	0	0	0
ENSG00000201628	0	0	0	0	0	0	0	0	0	0
ENSG00000201724	0	0	0	0	1	0	0	0	0	0
ENSG00000201793	0	0	1	0	0	0	0	0	0	0
ENSG00000201806	0	0	0	0	0	0	0	0	0	1
ENSG00000201820	0	0	0	0	1	0	0	0	0	0
ENSG00000201882	0	1	0	0	0	0	0	0	0	0
ENSG00000201884	0	1	0	0	0	0	0	0	0	0
ENSG00000201920	0	0	0	0	1	0	0	0	0	0
ENSG00000201988	0	1	0	0	0	0	0	0	0	0
ENSG00000202019	0	0	1	0	0	0	0	0	0	0
ENSG00000202079	0	0	0	0	1	0	0	0	0	0
ENSG00000202142	0	0	0	0	0	0	0	0	0	1
ENSG00000202172	0	0	0	0	1	0	0	0	0	0
ENSG00000202215	0	0	0	0	0	0	0	0	0	0
ENSG00000202227	0	0	0	0	1	0	0	0	0	0
ENSG00000202260	0	1	0	0	0	0	0	0	0	0
ENSG00000202281	0	0	0	0	0	0	0	0	0	1
ENSG00000202428	0	0	0	0	0	0	0	0	0	0
ENSG00000202495	0	0	0	0	0	0	1	0	0	0
ENSG00000202513	0	1	0	0	0	0	0	0	0	0
ENSG00000202601	0	0	0	0	0	0	0	0	0	1
ENSG00000203527	0	0	0	0	1	0	0	0	0	0
ENSG00000203605	0	0	0	0	0	0	0	0	0	0
ENSG00000203644	0	26	67	5	55	26	13	0	45	40
ENSG00000203647	0	0	0	0	0	0	0	0	0	1
ENSG00000203663	0	0	0	1	0	0	0	0	0	0
ENSG00000203685	0	0	0	0	1	0	0	0	0	0
ENSG00000203706	6	23	18	0	9	0	0	0	14	1
ENSG00000203756	0	0	0	0	1	0	0	0	0	0
ENSG00000203804	29	9	6	0	9	11	0	0	12	14
ENSG00000203814	1	14	16	0	21	23	0	1	4	16
ENSG00000203852	0	0	0	1	0	0	0	0	0	0
ENSG00000203909	0	0	0	0	0	0	0	0	1	0
ENSG00000203914	0	0	0	0	1	0	0	0	0	0
ENSG00000203971	0	0	1	0	0	0	0	0	0	0
ENSG00000203972	0	0	1	0	0	0	0	0	0	0
ENSG00000203985	5	54	37	0	34	0	3	0	26	1
ENSG00000204020	0	0	1	0	0	0	0	0	0	0
ENSG00000204021	0	0	0	0	1	0	0	0	0	0
ENSG00000204183	0	0	0	0	0	0	0	1	0	0
ENSG00000204352	0	0	0	0	0	0	0	0	1	0
ENSG00000204362	0	13	13	37	13	7	22	0	11	1
ENSG00000204442	0	0	1	16	11	40	1	14	4	14
ENSG00000204614	0	18	10	3	26	14	0	0	37	9
ENSG00000204659	0	0	1	0	0	0	0	0	0	0
ENSG00000204666	0	0	0	0	0	0	0	0	1	0
ENSG00000204710	0	0	0	0	0	0	0	0	0	1
ENSG00000204767	0	1	0	0	0	0	0	0	0	0
ENSG00000204789	0	16	11	0	9	0	0	0	8	0
ENSG00000204790	0	0	0	0	0	0	0	1	0	0
ENSG00000204802	1	0	0	0	0	0	0	0	0	0
ENSG00000204843	638	489	593	396	585	501	208	399	515	463
ENSG00000204856	1	34	34	21	24	20	0	30	19	34
ENSG00000204928	0	0	0	0	0	0	0	0	1	0
ENSG00000204967	0	31	15	23	24	0	20	9	30	14
ENSG00000204977	113	172	218	73	217	49	92	67	154	195
ENSG00000204983	0	0	0	0	0	0	0	0	1	0
ENSG00000205025	0	0	0	0	0	0	0	0	1	0
ENSG00000205037	0	0	1	0	0	0	0	0	0	0
ENSG00000205086	0	0	0	0	1	0	0	0	0	0
ENSG00000205414	0	0	1	0	0	0	0	0	0	0
ENSG00000205424	0	0	1	0	0	0	0	0	0	0
ENSG00000205436	11	10	17	25	25	41	0	0	9	33
ENSG00000205537	0	0	1	0	0	0	0	0	0	0
ENSG00000205592	0	4	14	0	33	8	15	0	16	1
ENSG00000205702	24	58	23	32	29	14	1	0	28	38
ENSG00000205809	0	10	28	4	42	9	13	0	14	36
ENSG00000205929	0	0	0	0	1	0	0	0	0	0
ENSG00000205989	0	0	0	0	0	0	0	0	0	0
ENSG00000206075	1	130	219	13	114	33	55	0	198	22
ENSG00000206344	16	20	30	0	21	8	4	0	21	19
ENSG00000206579	0	0	0	1	0	0	0	0	0	0
ENSG00000206582	0	1	0	0	0	0	0	0	0	0
ENSG00000206585	0	0	0	0	0	0	0	0	0	1
ENSG00000206612	0	0	1	0	0	0	0	0	0	0
ENSG00000206627	0	0	0	0	0	0	0	0	0	1
ENSG00000206652	0	0	0	0	0	0	0	0	0	1
ENSG00000206713	0	0	0	0	0	0	0	0	1	0
ENSG00000206731	0	0	0	0	1	0	0	0	0	0
ENSG00000206746	0	0	0	0	1	0	0	0	0	0
ENSG00000206774	0	0	0	0	0	0	0	0	0	0
ENSG00000206779	0	1	0	0	0	0	0	0	0	0
ENSG00000206824	0	0	0	0	1	0	0	0	0	0
ENSG00000206832	0	0	0	0	0	0	0	0	0	1
ENSG00000206833	0	0	1	0	0	0	0	0	0	0
ENSG00000206859	0	0	0	0	1	0	0	0	0	0
ENSG00000206925	0	1	0	0	0	0	0	0	0	0
ENSG00000206926	0	1	0	0	0	0	0	0	0	0
ENSG00000206936	0	0	0	0	1	0	0	0	0	0
ENSG00000206961	0	0	0	0	0	0	0	0	0	1
ENSG00000206965	0	0	0	0	0	0	0	0	0	1
ENSG00000206989	0	0	0	0	1	0	0	0	0	0
ENSG00000206991	0	0	0	0	1	0	0	0	0	0
ENSG00000206997	0	0	0	0	0	0	0	0	0	1
ENSG00000207009	0	0	0	0	0	0	0	0	0	0
ENSG00000207010	0	0	0	0	1	0	0	0	0	0
ENSG00000207021	0	0	0	0	1	0	0	0	0	0
ENSG00000207062	1	0	0	0	0	0	0	0	0	0
ENSG00000207077	0	0	0	0	0	0	0	0	0	0
ENSG00000207089	0	0	0	0	0	0	0	0	0	0
ENSG00000207094	0	0	0	0	0	0	0	0	0	0
ENSG00000207116	0	1	0	0	0	0	0	0	0	0
ENSG00000207129	8	0	0	11	0	17	14	0	0	0
ENSG00000207155	0	1	0	0	0	0	0	0	0	0
ENSG00000207208	0	0	0	0	0	0	0	0	0	0
ENSG00000207341	0	0	0	0	0	0	0	0	0	0
ENSG00000207492	0	0	0	0	0	0	0	0	0	0
ENSG00000207698	0	0	0	0	0	0	0	0	0	0
ENSG00000211452	0	3	8	0	10	0	0	0	3	0
ENSG00000211454	0	23	20	11	49	12	0	0	32	12
ENSG00000211898	0	0	0	0	0	0	0	0	0	0
ENSG00000211997	0	0	0	0	0	0	0	0	0	0
ENSG00000212153	0	0	0	0	0	0	0	0	0	0
ENSG00000212171	0	0	0	0	0	0	0	0	0	0
ENSG00000212232	0	12	3	16	26	0	0	13	9	24
ENSG00000212335	0	0	0	0	0	0	0	0	0	0
ENSG00000212374	0	0	0	0	0	0	0	0	0	0
ENSG00000213057	48	20	16	6	26	15	0	0	2	5
ENSG00000213123	4	8	10	0	35	0	0	1	5	15
ENSG00000213449	0	0	0	0	0	0	0	0	0	0
ENSG00000213468	22	41	72	22	63	0	44	0	47	17
ENSG00000213693	5	7	5	4	9	13	6	0	7	6
ENSG00000213799	63	79	61	40	65	68	5	0	54	34
ENSG00000213886	0	0	0	0	0	0	0	0	0	0
ENSG00000214456	1	0	4	0	4	0	0	0	1	3
ENSG00000214783	50	11	27	41	23	20	0	0	14	21
ENSG00000215546	0	0	0	0	0	0	0	0	0	0
ENSG00000217377	0	0	0	0	0	0	0	0	0	0
ENSG00000219773	0	0	1	1	2	0	0	3	1	1
ENSG00000220575	0	0	0	0	0	0	0	0	0	0
ENSG00000221698	0	0	0	0	0	0	0	0	0	0
ENSG00000221949	0	12	12	17	29	0	9	0	28	13
ENSG00000221994	9	27	38	46	50	31	0	3	21	41
ENSG00000222232	0	0	0	0	0	0	0	0	0	0
ENSG00000222365	10	10	13	5	14	8	0	0	8	4
ENSG00000222395	0	0	0	0	0	0	0	0	0	0
ENSG00000223047	0	0	0	0	0	0	0	0	0	0
ENSG00000223075	0	0	0	0	0	0	0	0	0	0
ENSG00000223109	0	0	0	0	0	0	0	0	0	0
ENSG00000223202	0	0	0	0	0	0	0	0	0	0
ENSG00000223460	0	0	0	0	1	1	1	1	0	0
ENSG00000223574	0	0	0	0	0	0	0	0	0	0
ENSG00000223623	0	0	0	0	0	0	0	0	0	0
ENSG00000223795	0	0	0	0	0	0	0	0	0	0
ENSG00000224159	0	0	0	0	0	0	0	0	0	0
ENSG00000224185	0	0	0	0	0	0	0	0	0	2
ENSG00000224186	0	10	26	21	17	40	3	0	11	14
ENSG00000224195	0	4	3	0	13	0	0	0	1	1
ENSG00000224224	0	0	0	0	0	0	0	0	0	0
ENSG00000224389	26	9	9	127	14	112	1	0	8	40
ENSG00000224440	0	0	0	0	0	0	0	0	0	0
ENSG00000224679	0	0	0	0	0	0	0	0	0	0
ENSG00000224697	0	0	0	0	0	0	0	0	0	0
ENSG00000225080	0	0	0	0	0	0	8	0	0	0
ENSG00000225183	0	0	0	0	0	0	0	0	0	0
ENSG00000225239	0	0	0	0	0	0	0	0	0	0
ENSG00000225335	0	10	20	16	23	0	7	0	12	4
ENSG00000225356	2	20	35	0	10	0	4	0	12	7
ENSG00000225536	0	0	1	1	0	0	0	0	0	0
ENSG00000225620	0	0	0	0	0	0	0	0	0	0
ENSG00000225813	0	1	5	5	0	2	3	6	3	0
ENSG00000225921	258	316	417	207	389	263	128	75	386	348
ENSG00000225969	40	62	63	14	87	13	40	18	66	34
ENSG00000226023	0	0	0	0	0	0	0	0	0	0
ENSG00000226067	24	81	50	43	47	36	8	0	44	16
ENSG00000226245	0	7	12	3	8	8	0	15	7	6
ENSG00000226287	27	25	30	3	38	0	9	0	30	31
ENSG00000226323	0	0	0	0	0	0	0	0	0	0
ENSG00000226579	0	0	0	0	0	0	0	0	0	0
ENSG00000226874	0	3	1	12	2	0	3	2	2	3
ENSG00000226965	7	3	5	0	2	12	0	0	0	0
ENSG00000227038	5	10	21	0	8	0	19	0	25	4
ENSG00000227062	0	0	0	0	0	0	0	0	0	0
ENSG00000227071	0	6	4	0	0	0	0	0	0	0
ENSG00000227149	0	0	0	0	0	0	0	0	0	0
ENSG00000227359	0	0	3	0	4	12	0	0	4	1
ENSG00000227398	0	22	18	3	22	0	18	3	11	24
ENSG00000227403	0	0	0	11	0	22	0	32	0	11
ENSG00000227440	0	24	25	0	15	0	0	0	12	7
ENSG00000227507	127	310	435	80	155	20	59	0	307	125
ENSG00000227564	0	0	0	0	0	0	0	0	0	0
ENSG00000227640	20	59	51	33	101	6	18	0	64	19
ENSG00000227837	0	0	0	0	0	0	0	0	0	0
ENSG00000227933	0	0	2	0	0	0	0	0	0	2
ENSG00000227953	0	6	8	0	9	14	0	0	1	24
ENSG00000228061	0	0	0	0	0	0	0	0	0	0
ENSG00000228065	1	26	23	50	31	30	0	18	17	25
ENSG00000228126	0	1	3	0	1	0	0	0	1	6
ENSG00000228372	0	0	0	0	0	0	0	0	0	0
ENSG00000228430	0	0	0	0	0	0	0	0	0	0
ENSG00000228478	0	0	0	0	0	0	0	0	0	0
ENSG00000228598	0	0	0	0	0	0	0	0	0	0
ENSG00000228686	3	0	0	0	2	0	0	0	0	5
ENSG00000228709	14	9	10	11	2	30	0	0	1	0
ENSG00000228886	0	0	0	0	2	3	0	0	0	0
ENSG00000228903	0	35	18	8	35	1	43	0	37	10
ENSG00000228939	0	0	0	0	0	0	0	0	0	0
ENSG00000229124	6	54	55	8	49	12	39	0	31	8
ENSG00000229720	0	0	0	0	0	0	0	0	0	0
ENSG00000230009	0	0	0	0	0	0	0	0	0	0
ENSG00000230131	0	0	0	0	0	0	0	0	0	0
ENSG00000230203	0	0	0	0	0	0	0	0	0	0
ENSG00000230375	0	0	0	0	0	0	0	0	0	0
ENSG00000230426	27	31	32	12	13	8	0	0	10	16
ENSG00000230573	0	0	0	0	0	0	0	0	0	0
ENSG00000230628	0	0	0	0	0	0	0	0	0	0
ENSG00000230725	0	0	3	0	0	0	0	0	0	0
ENSG00000230805	0	0	0	0	0	0	0	0	0	0
ENSG00000230806	0	0	0	0	0	0	0	0	0	0
ENSG00000230943	15	13	11	4	26	0	0	0	10	8
ENSG00000230945	0	0	0	0	0	0	0	0	0	0
ENSG00000230962	0	0	0	0	0	0	0	0	0	0
ENSG00000231013	23	0	3	33	1	13	0	16	2	13
ENSG00000231050	2	0	1	0	0	0	0	0	0	0
ENSG00000231106	19	14	6	10	14	0	0	0	0	2
ENSG00000231181	12	0	0	0	0	0	0	0	3	0
ENSG00000231356	0	0	0	0	0	0	0	0	0	0
ENSG00000231465	0	3	14	0	20	0	0	18	4	2
ENSG00000231487	0	0	0	0	0	0	0	0	0	0
ENSG00000231574	0	7	27	12	18	0	0	0	4	3
ENSG00000231689	2	0	2	0	6	0	0	0	2	0
ENSG00000232568	0	0	0	0	0	0	0	0	0	0
ENSG00000232640	22	6	27	0	18	25	11	0	7	37
ENSG00000232645	24	9	29	38	17	36	0	0	25	26
ENSG00000232648	0	7	8	0	8	0	0	0	4	4
ENSG00000232721	37	52	87	24	64	14	30	0	55	85
ENSG00000232810	0	20	32	0	19	0	14	0	18	2
ENSG00000232882	0	0	0	8	1	0	1	0	0	1
ENSG00000232926	0	1	0	0	5	0	0	0	0	0
ENSG00000232953	0	0	0	0	0	0	0	0	0	0
ENSG00000233011	0	0	0	0	0	0	0	0	0	0
ENSG00000233041	28	372	173	1	314	17	33	17	574	29
ENSG00000233131	0	0	0	0	0	0	0	0	0	0
ENSG00000233251	0	24	22	3	32	0	27	0	23	11
ENSG00000233489	0	0	0	0	0	0	0	0	0	0
ENSG00000233574	0	0	0	0	0	0	0	0	0	0
ENSG00000233608	70	19	34	30	17	0	25	116	37	68
ENSG00000233654	3	26	10	21	13	0	0	0	7	21
ENSG00000233663	0	0	0	0	0	0	0	0	0	0
ENSG00000233834	0	41	45	6	38	9	5	0	62	10
ENSG00000233845	0	0	0	0	2	0	0	0	0	1
ENSG00000233884	0	0	0	0	0	0	0	0	0	0
ENSG00000233903	0	6	22	19	15	17	0	0	22	15
ENSG00000234069	0	0	0	0	0	0	0	0	0	0
ENSG00000234160	19	13	31	3	10	26	0	0	17	12
ENSG00000234335	7	9	6	1	5	5	7	2	5	12
ENSG00000234441	0	0	0	0	0	0	0	0	0	0
ENSG00000234465	16	13	9	0	14	0	0	0	9	14
ENSG00000234476	0	3	18	11	45	11	11	0	23	13
ENSG00000234477	0	17	13	0	35	0	8	10	12	8
ENSG00000234478	0	5	3	10	3	13	5	0	1	1
ENSG00000234618	19	12	18	2	21	0	1	0	10	31
ENSG00000234869	2	19	36	0	49	27	30	0	29	11
ENSG00000235248	0	0	0	0	0	0	0	0	0	0
ENSG00000235366	0	0	0	0	0	0	0	0	0	0
ENSG00000235412	0	0	0	0	0	0	0	0	0	0
ENSG00000235690	0	0	0	0	0	0	0	0	0	0
ENSG00000235750	45	192	216	73	254	126	87	0	282	79
ENSG00000236095	0	16	43	7	16	0	17	0	19	5
ENSG00000236403	0	0	0	0	0	0	0	0	0	0
ENSG00000236424	0	0	0	0	0	0	0	0	0	0
ENSG00000236464	0	0	0	0	0	0	0	0	0	0
ENSG00000236778	1	18	20	0	16	0	14	0	4	13
ENSG00000236828	0	0	0	0	0	0	0	0	0	0
ENSG00000236924	46	15	26	56	34	27	0	0	24	46
ENSG00000236938	0	0	0	0	0	0	0	0	0	0
ENSG00000237004	0	9	18	16	20	13	0	0	17	26
ENSG00000237015	2	1	15	0	7	0	0	0	0	11
ENSG00000237031	0	0	0	0	0	0	0	0	0	0
ENSG00000237230	0	0	0	0	0	0	0	0	0	0
ENSG00000237330	19	48	11	7	27	0	21	0	69	1
ENSG00000237341	0	0	0	0	0	0	0	0	0	0
ENSG00000237711	0	0	0	0	0	0	0	0	0	1
ENSG00000237718	0	0	0	0	0	0	0	0	0	0
ENSG00000237793	0	0	0	0	0	0	0	0	0	0
ENSG00000237952	0	0	0	0	0	0	0	0	0	0
ENSG00000237999	0	0	0	0	0	0	0	0	0	0
ENSG00000238120	52	39	65	12	106	36	37	12	58	63
ENSG00000238279	11	48	81	10	96	54	25	0	71	41
ENSG00000238478	0	0	0	0	0	0	0	0	0	0
ENSG00000238531	0	0	0	0	0	0	0	0	0	0
ENSG00000238610	0	0	0	0	0	0	0	0	0	0
ENSG00000238819	0	0	0	0	0	0	0	0	0	0
ENSG00000239704	6	12	10	11	28	0	0	0	3	16
ENSG00000239794	0	0	0	0	0	0	0	0	0	0
ENSG00000239945	0	0	0	0	0	0	0	0	0	0
ENSG00000239985	0	0	0	0	0	0	0	0	0	0
ENSG00000240024	69	67	80	47	110	53	43	26	54	89
ENSG00000240375	0	0	0	0	0	0	0	0	0	0
ENSG00000240382	0	0	0	0	0	0	0	0	0	0
ENSG00000240639	0	0	0	0	0	0	0	0	0	0
ENSG00000240951	0	0	0	0	0	0	0	0	0	0
ENSG00000240964	0	0	0	0	0	0	0	0	0	0
ENSG00000241385	0	0	0	0	0	0	0	0	0	0
ENSG00000241552	0	0	0	0	0	0	0	0	0	0
ENSG00000241553	1050	1854	1810	945	1557	734	793	764	1810	1382
ENSG00000241832	0	0	0	0	0	0	0	0	0	0
ENSG00000241852	186	313	213	156	242	73	251	0	283	166
ENSG00000242036	0	0	0	0	0	0	0	0	0	0
ENSG00000242145	0	0	1	0	0	0	0	0	0	0
ENSG00000242516	1	71	72	4	109	0	62	0	125	1
ENSG00000242534	0	0	0	0	0	0	0	0	0	0
ENSG00000242986	0	0	0	0	0	0	0	0	0	0
ENSG00000242991	0	0	0	0	0	0	0	0	0	0
ENSG00000243349	0	0	0	0	0	0	0	0	0	0
ENSG00000243596	0	0	0	0	0	0	0	0	0	0
ENSG00000243828	0	0	0	0	0	0	0	0	0	0
ENSG00000243883	0	0	0	0	0	0	0	0	0	0
ENSG00000244089	0	0	0	0	0	0	0	0	0	0
ENSG00000244122	67	1	1	98	0	91	0	46	2	11
ENSG00000244187	864	1497	1709	726	1916	438	899	158	1834	1157
ENSG00000244274	6	8	11	0	12	0	0	0	13	21
ENSG00000244459	10	20	22	2	22	0	0	0	25	16
ENSG00000244625	21	21	22	22	24	0	0	0	28	21
ENSG00000244756	0	0	0	0	0	0	0	0	0	0
ENSG00000245975	14	6	13	0	18	0	19	0	5	21
ENSG00000246596	5	3	6	5	10	8	0	0	1	6
ENSG00000247011	0	1	18	6	1	10	0	21	0	13
ENSG00000247193	0	0	0	0	0	0	0	0	0	0
ENSG00000247345	0	7	3	0	3	0	13	44	2	0
ENSG00000247624	0	0	3	0	1	0	5	0	0	0
ENSG00000247746	42	4	4	34	4	11	0	0	1	11
ENSG00000247796	23	19	42	21	38	35	14	10	30	26
ENSG00000247828	10	48	90	31	80	18	30	0	43	71
ENSG00000248311	0	0	0	0	0	0	0	0	0	0
ENSG00000248355	0	0	0	0	0	0	0	0	0	0
ENSG00000248430	0	0	0	0	0	0	0	0	0	0
ENSG00000248543	0	0	0	0	0	0	0	0	0	0
ENSG00000248714	0	0	0	0	0	0	0	0	0	0
ENSG00000249013	0	0	0	0	0	0	0	0	0	0
ENSG00000249306	0	9	0	30	4	0	0	0	4	14
ENSG00000249396	13	1	1	28	11	7	0	0	3	31
ENSG00000249526	0	0	0	0	0	0	0	0	0	0
ENSG00000249816	6	0	0	17	0	26	0	0	0	5
ENSG00000250074	0	0	0	0	0	0	0	0	0	0
ENSG00000250208	6	20	12	0	10	0	0	0	13	2
ENSG00000250318	32	17	4	2	18	0	4	0	28	11
ENSG00000250379	0	0	0	0	0	0	0	0	0	0
ENSG00000250484	0	0	0	0	0	0	0	0	0	0
ENSG00000250532	0	0	0	0	0	0	0	0	0	0
ENSG00000250626	0	0	0	0	0	0	0	0	0	0
ENSG00000250995	10	7	3	0	2	0	0	0	0	4
ENSG00000251059	0	0	0	0	1	0	0	0	1	0
ENSG00000251209	1	58	53	7	64	13	42	0	25	6
ENSG00000251508	0	0	0	0	0	0	0	0	0	0
ENSG00000251751	0	0	0	0	0	0	0	0	0	0
ENSG00000251766	0	0	0	0	0	0	0	0	0	0
ENSG00000252057	0	0	0	0	0	0	0	0	0	0
ENSG00000252132	0	0	0	0	0	0	0	0	0	0
ENSG00000252321	0	0	0	0	0	0	0	0	0	0
ENSG00000252349	0	1	0	0	0	0	0	0	0	2
ENSG00000252411	0	0	0	0	0	0	0	0	0	0
ENSG00000252658	0	0	0	0	0	0	0	0	0	0
ENSG00000252812	0	0	0	0	0	0	0	0	0	0
ENSG00000252913	0	0	0	0	0	0	0	0	0	0
ENSG00000253057	0	0	0	0	0	0	0	0	0	0
ENSG00000253216	0	0	0	0	0	0	0	0	0	0
ENSG00000253232	0	0	0	0	0	0	0	0	0	0
ENSG00000253265	0	0	0	0	0	0	0	0	0	0
ENSG00000253313	0	38	64	0	59	0	35	0	71	1
ENSG00000253465	0	0	0	0	0	0	0	0	0	0
ENSG00000253500	1	8	73	0	31	8	58	0	10	1
ENSG00000253524	7	0	0	0	0	0	0	0	0	0
ENSG00000253540	1	29	10	11	24	28	0	0	8	11
ENSG00000253603	0	0	0	0	0	0	0	0	1	0
ENSG00000253607	0	0	0	0	0	0	0	0	0	0
ENSG00000253742	0	0	0	0	0	0	0	0	0	0
ENSG00000254075	0	0	0	0	0	0	0	0	0	0
ENSG00000254161	0	0	0	0	0	0	0	0	0	0
ENSG00000254456	0	0	0	0	0	0	0	0	0	0
ENSG00000254477	0	0	11	0	7	0	10	0	2	1
ENSG00000254541	0	0	0	0	0	0	0	0	0	0
ENSG00000254707	0	0	0	0	0	0	0	0	0	0
ENSG00000254767	0	0	0	0	0	0	0	0	0	0
ENSG00000254829	0	0	0	0	0	0	0	0	0	0
ENSG00000254978	0	8	8	4	3	7	0	10	2	8
ENSG00000255153	0	9	10	0	8	0	0	0	7	18
ENSG00000255198	59	60	58	13	51	20	51	0	62	57
ENSG00000255200	0	36	19	0	30	7	13	18	15	17
ENSG00000255302	654	316	742	604	563	402	383	560	356	556
ENSG00000255403	0	0	0	0	0	0	0	0	0	0
ENSG00000255455	51	51	56	45	92	58	49	67	41	52
ENSG00000255508	40	15	22	16	47	20	8	18	37	32
ENSG00000255644	0	0	0	0	1	0	0	0	0	0
ENSG00000255647	0	0	0	0	1	0	0	0	0	0
ENSG00000255825	0	0	0	0	0	0	0	0	0	0
ENSG00000256197	0	0	0	0	0	0	0	0	0	0
ENSG00000256378	0	0	0	0	0	0	0	0	0	0
ENSG00000256612	0	19	74	10	48	8	8	0	40	6
ENSG00000256615	11	0	4	0	6	0	1	7	1	0
ENSG00000256982	0	8	1	0	0	0	14	0	0	0
ENSG00000257084	26	44	35	0	46	0	28	0	34	0
ENSG00000257095	0	0	0	0	0	0	0	0	0	0
ENSG00000257135	16	0	2	0	7	0	0	18	0	12
ENSG00000257167	62	62	97	23	66	42	43	0	47	69
ENSG00000257395	0	0	0	0	0	0	0	0	0	0
ENSG00000257431	0	0	0	0	0	0	0	0	0	0
ENSG00000257512	5	21	32	0	33	0	14	0	22	13
ENSG00000258346	0	0	1	0	0	0	0	0	0	4
ENSG00000258479	0	0	2	0	0	0	0	0	2	0
ENSG00000258536	0	0	0	0	0	0	0	0	0	0
ENSG00000258648	0	1	0	0	0	0	0	0	1	0
ENSG00000258734	0	0	0	0	0	0	0	0	0	0
ENSG00000258766	0	0	0	0	0	1	0	0	0	0
ENSG00000258791	10	30	27	3	28	0	9	0	46	15
ENSG00000258829	0	0	0	0	0	0	0	0	0	0
ENSG00000258917	0	0	1	0	0	0	0	0	0	0
ENSG00000258919	0	21	22	0	42	5	45	0	34	5
ENSG00000258926	0	0	0	0	0	0	0	0	0	0
ENSG00000258968	0	0	0	0	0	3	4	0	3	0
ENSG00000259096	0	2	2	1	0	0	0	3	2	1
ENSG00000259196	0	0	0	0	0	0	0	0	0	0
ENSG00000259203	0	0	0	0	0	0	0	0	0	0
ENSG00000259213	0	0	0	0	0	0	0	0	0	0
ENSG00000259319	6	1	3	0	1	0	10	0	2	4
ENSG00000259385	0	0	0	0	0	0	0	0	0	0
ENSG00000259485	15	21	60	7	18	0	13	0	30	22
ENSG00000259751	0	0	3	0	0	0	0	0	0	0
ENSG00000259803	0	24	18	33	25	0	0	0	22	4
ENSG00000259804	0	11	2	0	0	0	0	28	3	1
ENSG00000259807	0	0	1	0	0	0	0	0	0	0
ENSG00000259884	1	2	7	16	26	0	43	0	3	6
ENSG00000259915	0	0	1	0	1	0	0	0	0	0
ENSG00000260024	0	0	0	0	0	0	0	0	0	0
ENSG00000260053	1	0	0	0	0	0	0	0	0	0
ENSG00000260081	22	18	21	25	29	27	0	0	9	31
ENSG00000260218	0	0	0	0	0	0	0	0	0	0
ENSG00000260267	2	25	23	34	32	6	32	0	24	50
ENSG00000260386	0	0	0	0	0	0	0	0	0	0
ENSG00000260573	0	28	8	7	14	20	0	0	5	2
ENSG00000260605	0	0	0	0	0	0	0	0	0	0
ENSG00000260653	0	0	0	0	0	0	0	0	0	0
ENSG00000260704	110	28	66	43	50	59	17	0	34	76
ENSG00000260866	0	0	0	0	0	0	0	0	0	0
ENSG00000260871	0	0	3	0	0	0	0	0	1	0
ENSG00000260898	0	0	5	0	0	0	53	0	0	0
ENSG00000261114	30	13	1	0	15	26	2	0	9	11
ENSG00000261115	30	0	9	20	2	24	0	3	0	8
ENSG00000261150	0	17	22	3	15	0	14	0	24	2
ENSG00000261166	0	0	0	0	0	0	0	0	0	0
ENSG00000261263	0	0	0	0	0	0	0	0	0	0
ENSG00000261357	0	18	9	0	10	26	0	12	2	3
ENSG00000261442	0	0	0	0	1	0	0	0	0	1
ENSG00000261553	0	11	3	0	17	30	24	0	10	13
ENSG00000261568	0	10	3	6	2	0	0	21	1	13
ENSG00000261949	0	13	13	0	26	1	0	30	24	0
ENSG00000262061	0	21	18	13	27	0	0	0	17	7
ENSG00000262165	21	3	8	9	12	0	0	0	3	26
ENSG00000262313	0	0	0	0	0	0	0	0	0	0
ENSG00000262728	0	0	0	1	0	0	0	3	1	4
ENSG00000262730	0	0	0	0	0	0	0	0	0	0
ENSG00000262759	0	0	1	0	0	0	0	0	2	0
ENSG00000263279	0	0	0	0	0	0	0	0	0	0
ENSG00000263325	0	9	11	0	11	0	20	0	12	0
ENSG00000263620	0	0	0	0	0	0	0	0	0	0
ENSG00000263639	0	9	30	2	30	0	11	0	31	5
ENSG00000263756	0	0	0	0	0	0	0	0	0	0
ENSG00000263968	0	0	2	0	4	4	0	0	2	0
ENSG00000264164	0	0	0	0	0	0	0	0	0	0
ENSG00000264175	19	0	2	16	19	6	0	37	11	14
ENSG00000264217	0	0	0	0	1	2	0	0	0	0
ENSG00000264243	4	0	0	0	0	0	0	0	0	0
ENSG00000264659	0	0	0	0	0	0	0	0	0	0
ENSG00000264809	0	0	0	0	0	0	0	0	0	0
ENSG00000264879	0	0	0	0	0	0	0	0	0	0
ENSG00000265096	18	1	2	13	13	25	0	0	12	26
ENSG00000265579	0	0	1	1	0	0	0	0	0	0
ENSG00000265678	11	3	3	0	13	15	38	0	0	7
ENSG00000265766	0	0	0	0	0	0	0	0	0	0
ENSG00000265982	0	23	29	44	52	1	37	1	18	33
ENSG00000266227	0	0	0	0	0	0	0	0	0	0
ENSG00000267046	0	0	0	0	0	0	0	0	0	0
ENSG00000267056	19	0	1	20	9	32	5	20	0	20
ENSG00000267120	0	0	0	0	0	0	0	0	0	0
ENSG00000267145	0	0	0	0	0	0	0	0	0	0
ENSG00000267282	0	0	2	0	2	0	0	0	3	0
ENSG00000267383	0	0	0	0	0	0	0	0	0	1
ENSG00000267393	0	0	0	0	0	0	0	0	0	0
ENSG00000267472	0	0	0	0	0	0	0	0	0	0
ENSG00000267521	0	0	0	0	0	0	0	0	0	0
ENSG00000267534	18	16	15	26	21	0	1	1	34	18
ENSG00000267795	13	55	61	0	84	10	5	0	110	22
ENSG00000267922	48	7	2	6	3	0	0	37	3	6
ENSG00000268104	1	42	288	0	155	9	111	1	37	23
ENSG00000268530	0	0	0	0	0	0	0	0	0	0
ENSG00000268669	0	2	4	3	0	0	0	0	0	0
ENSG00000268870	0	0	0	0	0	0	0	0	0	0
ENSG00000269388	58	55	56	28	63	6	29	0	35	61
ENSG00000269688	0	7	16	32	10	14	0	0	6	0
ENSG00000269837	0	0	2	5	5	18	7	13	1	7
ENSG00000269899	0	7	30	3	11	16	0	0	22	9
ENSG00000269974	0	15	18	0	14	0	2	44	10	17
ENSG00000270001	9	34	33	16	31	0	2	0	44	9
ENSG00000270210	29	21	25	33	30	54	0	52	13	23
ENSG00000270808	1	1	0	0	2	0	0	0	1	0
ENSG00000270859	0	0	0	0	0	0	0	0	0	0
ENSG00000270926	0	0	1	0	0	0	0	0	0	8
ENSG00000271109	18	3	2	21	2	20	0	27	1	31
ENSG00000271344	13	21	7	8	5	10	2	8	3	9
ENSG00000271627	0	0	0	0	0	0	0	0	0	0
ENSG00000271943	19	4	11	15	19	0	0	0	3	21
ENSG00000271964	6	15	2	0	2	8	0	0	1	5
ENSG00000272031	40	7	19	16	19	35	0	19	6	0
ENSG00000272077	23	13	11	0	9	0	0	40	10	7
ENSG00000272092	0	14	23	0	23	0	6	33	33	19
ENSG00000272338	0	17	22	3	16	12	0	2	14	28
ENSG00000272372	0	0	0	0	0	0	0	0	0	0
ENSG00000272523	30	29	22	0	34	10	6	0	19	28
ENSG00000272578	16	26	22	2	14	0	0	0	17	9
ENSG00000272655	46	37	42	37	34	19	0	2	23	39
ENSG00000272702	21	7	7	0	15	0	0	19	15	24
ENSG00000272791	0	12	11	0	8	10	0	0	12	13
ENSG00000272899	35	25	31	30	35	22	21	68	32	4
ENSG00000272917	0	0	0	0	0	0	0	0	0	0
ENSG00000273027	42	7	4	25	15	0	34	0	6	12
ENSG00000273117	32	19	21	5	26	0	29	0	20	12
ENSG00000273437	27	11	10	0	12	0	0	0	4	16
ENSG00000273447	3	7	14	3	8	5	9	0	7	9
ENSG00000273614	0	0	0	0	0	0	0	0	0	0
ENSG00000273706	30	0	2	25	2	58	0	12	3	16
ENSG00000273747	8	0	1	0	2	4	6	28	2	2
ENSG00000273759	0	14	22	5	17	0	12	0	16	5
ENSG00000273870	0	0	0	0	0	0	0	0	0	0
ENSG00000273907	0	0	0	0	0	0	1	0	0	0
ENSG00000273987	24	14	20	0	21	33	6	0	3	25
ENSG00000274290	4	22	13	0	17	0	0	2	7	16
ENSG00000274450	0	0	0	0	0	0	0	0	0	0
ENSG00000274930	0	0	0	0	0	0	0	0	0	0
ENSG00000274959	0	0	0	0	0	0	0	0	0	0
ENSG00000275069	0	0	0	0	0	0	0	0	0	0
ENSG00000275441	0	0	0	0	4	0	0	0	1	3
ENSG00000275516	0	2	0	0	1	0	8	0	0	0
ENSG00000275620	153	12	0	131	19	59	0	108	4	62
ENSG00000275662	0	0	0	0	0	0	0	0	0	0
ENSG00000275807	0	29	33	4	31	15	9	0	19	21
ENSG00000275993	1202	1254	1070	865	1319	760	982	371	955	973
ENSG00000276076	0	0	0	0	0	0	0	0	0	0
ENSG00000276533	0	0	16	0	15	0	0	0	14	9
ENSG00000276564	0	0	7	0	15	0	22	0	8	6
ENSG00000276580	0	0	0	0	0	0	0	0	0	0
ENSG00000276703	0	0	0	0	0	0	0	0	0	0
ENSG00000276851	0	17	24	0	23	15	19	0	17	16
ENSG00000276965	0	0	0	0	0	0	0	0	0	0
ENSG00000277311	26	8	1	24	4	31	0	78	2	5
ENSG00000277396	0	0	1	0	1	0	0	0	0	0
ENSG00000277411	0	0	0	0	0	0	0	0	0	0
ENSG00000277436	0	0	0	0	0	0	0	0	0	0
ENSG00000277545	0	0	0	0	0	0	0	0	0	0
ENSG00000277595	2	1	0	0	3	0	0	0	0	0
ENSG00000277829	0	0	0	0	0	0	0	0	0	0
ENSG00000278095	0	0	0	0	0	0	0	0	0	0
ENSG00000278195	0	0	0	0	0	0	0	0	0	0
ENSG00000278464	0	0	0	0	0	0	0	0	0	0
ENSG00000278594	12	5	4	2	10	7	5	0	5	11
ENSG00000278922	37	30	34	1	35	37	6	0	33	11
ENSG00000278985	0	2	16	0	13	15	0	22	0	1
ENSG00000278991	0	0	0	0	24	12	12	0	6	4
ENSG00000278993	28	5	9	10	13	0	0	0	0	8
ENSG00000279057	0	0	0	0	0	0	0	0	1	0
ENSG00000279114	0	0	0	0	2	0	8	12	1	0
ENSG00000279403	0	0	0	0	0	0	0	0	0	0
ENSG00000279588	0	0	0	0	0	0	0	0	0	0
ENSG00000279629	0	0	0	0	0	0	0	0	0	0
ENSG00000279649	0	3	3	0	1	15	0	36	8	2
ENSG00000279734	0	0	0	0	0	0	0	0	0	0
ENSG00000279780	0	0	0	0	0	0	0	0	0	0
ENSG00000279821	9	60	25	0	25	9	11	0	18	33
ENSG00000279875	0	0	0	0	0	0	0	0	0	0
ENSG00000279970	38	11	15	16	9	0	1	0	19	11
ENSG00000280306	0	0	0	0	0	0	0	0	0	0
ENSG00000280571	0	0	0	0	0	0	0	0	0	0
ENSG00000280614	0	6	0	0	8	0	0	0	1	209
ENSG00000280693	0	26	22	0	16	0	14	0	24	16
ENSG00000280800	1	1	2	0	2	1	0	0	2	121
ENSG00000281383	1	44	7	5	47	20	3	11	31	217
ENSG00000281825	0	0	0	0	0	0	0	0	0	0
ENSG00000283493	0	0	0	0	0	0	0	0	0	0
ENSG00000283526	13	59	48	18	73	6	10	0	27	3
ENSG00000283768	0	0	0	0	0	0	0	0	0	0
ENSG00000283959	75	20	18	18	21	0	4	0	25	26
ENSG00000284280	0	0	0	0	0	0	0	0	0	0
ENSG00000284399	0	0	0	0	0	0	0	0	0	0
ENSG00000284719	33	12	22	0	41	5	0	14	10	10
ENSG00000284874	0	0	0	6	6	11	0	26	0	0
ENSG00000284999	0	0	0	0	0	0	0	0	0	0
ENSG00000285040	0	0	0	0	0	0	0	0	0	0
ENSG00000285079	0	0	0	0	0	0	0	0	0	0
ENSG00000285374	0	0	0	0	0	0	0	0	0	0
ENSG00000285445	0	0	0	0	0	0	0	0	0	0
ENSG00000285804	35	7	26	11	27	0	0	14	9	13
ENSG00000285836	0	2	4	1	0	0	0	0	0	1
ENSG00000285994	0	0	0	0	0	0	0	0	0	0
